+-----------------------------------------------------------------------------------------------------------------------------------------------------------------------------------------------------------------------------------------------------------------------------------------------------------------------------------------------------------------------------------------------+
; Legal Partition Candidates                                                                                                                                                                                                                                                                                                                                                                    ;
+------------------------------------------------------------------------------------------------------------------------------------------------------------------------------------------+-------+----------------+--------------+----------------+--------+-----------------+---------------+-----------------+-------+----------------+--------------+------------------+-------------------+
; Hierarchy                                                                                                                                                                                ; Input ; Constant Input ; Unused Input ; Floating Input ; Output ; Constant Output ; Unused Output ; Floating Output ; Bidir ; Constant Bidir ; Unused Bidir ; Input only Bidir ; Output only Bidir ;
+------------------------------------------------------------------------------------------------------------------------------------------------------------------------------------------+-------+----------------+--------------+----------------+--------+-----------------+---------------+-----------------+-------+----------------+--------------+------------------+-------------------+
; h3                                                                                                                                                                                       ; 4     ; 0              ; 0            ; 0              ; 7      ; 0               ; 0             ; 0               ; 0     ; 0              ; 0            ; 0                ; 0                 ;
; h2                                                                                                                                                                                       ; 4     ; 0              ; 0            ; 0              ; 7      ; 0               ; 0             ; 0               ; 0     ; 0              ; 0            ; 0                ; 0                 ;
; h1                                                                                                                                                                                       ; 4     ; 0              ; 0            ; 0              ; 7      ; 0               ; 0             ; 0               ; 0     ; 0              ; 0            ; 0                ; 0                 ;
; h0                                                                                                                                                                                       ; 4     ; 0              ; 0            ; 0              ; 7      ; 0               ; 0             ; 0               ; 0     ; 0              ; 0            ; 0                ; 0                 ;
; u0|irq_mapper_001                                                                                                                                                                        ; 2     ; 32             ; 2            ; 32             ; 32     ; 32              ; 32            ; 32              ; 0     ; 0              ; 0            ; 0                ; 0                 ;
; u0|irq_mapper                                                                                                                                                                            ; 8     ; 26             ; 2            ; 26             ; 32     ; 26              ; 26            ; 26              ; 0     ; 0              ; 0            ; 0                ; 0                 ;
; u0|width_adapter_005|width_adapter_005|uncompressor                                                                                                                                      ; 30    ; 4              ; 0            ; 4              ; 21     ; 4               ; 4             ; 4               ; 0     ; 0              ; 0            ; 0                ; 0                 ;
; u0|width_adapter_005|width_adapter_005                                                                                                                                                   ; 79    ; 3              ; 0            ; 3              ; 92     ; 3               ; 3             ; 3               ; 0     ; 0              ; 0            ; 0                ; 0                 ;
; u0|width_adapter_005                                                                                                                                                                     ; 79    ; 3              ; 0            ; 3              ; 92     ; 3               ; 3             ; 3               ; 0     ; 0              ; 0            ; 0                ; 0                 ;
; u0|width_adapter_004|width_adapter_004                                                                                                                                                   ; 97    ; 3              ; 0            ; 3              ; 74     ; 3               ; 3             ; 3               ; 0     ; 0              ; 0            ; 0                ; 0                 ;
; u0|width_adapter_004                                                                                                                                                                     ; 97    ; 3              ; 0            ; 3              ; 74     ; 3               ; 3             ; 3               ; 0     ; 0              ; 0            ; 0                ; 0                 ;
; u0|width_adapter_003|width_adapter_001|uncompressor                                                                                                                                      ; 45    ; 4              ; 0            ; 4              ; 36     ; 4               ; 4             ; 4               ; 0     ; 0              ; 0            ; 0                ; 0                 ;
; u0|width_adapter_003|width_adapter_001                                                                                                                                                   ; 108   ; 3              ; 0            ; 3              ; 121    ; 3               ; 3             ; 3               ; 0     ; 0              ; 0            ; 0                ; 0                 ;
; u0|width_adapter_003                                                                                                                                                                     ; 108   ; 3              ; 0            ; 3              ; 121    ; 3               ; 3             ; 3               ; 0     ; 0              ; 0            ; 0                ; 0                 ;
; u0|width_adapter_002|width_adapter                                                                                                                                                       ; 126   ; 3              ; 0            ; 3              ; 103    ; 3               ; 3             ; 3               ; 0     ; 0              ; 0            ; 0                ; 0                 ;
; u0|width_adapter_002                                                                                                                                                                     ; 126   ; 3              ; 0            ; 3              ; 103    ; 3               ; 3             ; 3               ; 0     ; 0              ; 0            ; 0                ; 0                 ;
; u0|width_adapter_001|width_adapter_001|uncompressor                                                                                                                                      ; 45    ; 4              ; 0            ; 4              ; 36     ; 4               ; 4             ; 4               ; 0     ; 0              ; 0            ; 0                ; 0                 ;
; u0|width_adapter_001|width_adapter_001                                                                                                                                                   ; 108   ; 3              ; 0            ; 3              ; 121    ; 3               ; 3             ; 3               ; 0     ; 0              ; 0            ; 0                ; 0                 ;
; u0|width_adapter_001                                                                                                                                                                     ; 108   ; 3              ; 0            ; 3              ; 121    ; 3               ; 3             ; 3               ; 0     ; 0              ; 0            ; 0                ; 0                 ;
; u0|width_adapter|width_adapter                                                                                                                                                           ; 126   ; 3              ; 0            ; 3              ; 103    ; 3               ; 3             ; 3               ; 0     ; 0              ; 0            ; 0                ; 0                 ;
; u0|width_adapter                                                                                                                                                                         ; 126   ; 3              ; 0            ; 3              ; 103    ; 3               ; 3             ; 3               ; 0     ; 0              ; 0            ; 0                ; 0                 ;
; u0|rsp_xbar_mux_003|arb|adder                                                                                                                                                            ; 12    ; 6              ; 0            ; 6              ; 6      ; 6               ; 6             ; 6               ; 0     ; 0              ; 0            ; 0                ; 0                 ;
; u0|rsp_xbar_mux_003|arb                                                                                                                                                                  ; 7     ; 0              ; 4            ; 0              ; 3      ; 0               ; 0             ; 0               ; 0     ; 0              ; 0            ; 0                ; 0                 ;
; u0|rsp_xbar_mux_003                                                                                                                                                                      ; 276   ; 0              ; 0            ; 0              ; 94     ; 0               ; 0             ; 0               ; 0     ; 0              ; 0            ; 0                ; 0                 ;
; u0|rsp_xbar_mux_002|arb|adder                                                                                                                                                            ; 8     ; 4              ; 0            ; 4              ; 4      ; 4               ; 4             ; 4               ; 0     ; 0              ; 0            ; 0                ; 0                 ;
; u0|rsp_xbar_mux_002|arb                                                                                                                                                                  ; 6     ; 0              ; 4            ; 0              ; 2      ; 0               ; 0             ; 0               ; 0     ; 0              ; 0            ; 0                ; 0                 ;
; u0|rsp_xbar_mux_002                                                                                                                                                                      ; 185   ; 0              ; 0            ; 0              ; 93     ; 0               ; 0             ; 0               ; 0     ; 0              ; 0            ; 0                ; 0                 ;
; u0|rsp_xbar_demux_015                                                                                                                                                                    ; 94    ; 1              ; 2            ; 1              ; 92     ; 1               ; 1             ; 1               ; 0     ; 0              ; 0            ; 0                ; 0                 ;
; u0|rsp_xbar_demux_014                                                                                                                                                                    ; 95    ; 4              ; 2            ; 4              ; 183    ; 4               ; 4             ; 4               ; 0     ; 0              ; 0            ; 0                ; 0                 ;
; u0|rsp_xbar_demux_013                                                                                                                                                                    ; 95    ; 4              ; 2            ; 4              ; 183    ; 4               ; 4             ; 4               ; 0     ; 0              ; 0            ; 0                ; 0                 ;
; u0|cmd_xbar_mux_014|arb|adder                                                                                                                                                            ; 8     ; 2              ; 0            ; 2              ; 4      ; 2               ; 2             ; 2               ; 0     ; 0              ; 0            ; 0                ; 0                 ;
; u0|cmd_xbar_mux_014|arb                                                                                                                                                                  ; 6     ; 0              ; 0            ; 0              ; 2      ; 0               ; 0             ; 0               ; 0     ; 0              ; 0            ; 0                ; 0                 ;
; u0|cmd_xbar_mux_014                                                                                                                                                                      ; 185   ; 0              ; 0            ; 0              ; 93     ; 0               ; 0             ; 0               ; 0     ; 0              ; 0            ; 0                ; 0                 ;
; u0|cmd_xbar_mux_013|arb|adder                                                                                                                                                            ; 8     ; 2              ; 0            ; 2              ; 4      ; 2               ; 2             ; 2               ; 0     ; 0              ; 0            ; 0                ; 0                 ;
; u0|cmd_xbar_mux_013|arb                                                                                                                                                                  ; 6     ; 0              ; 0            ; 0              ; 2      ; 0               ; 0             ; 0               ; 0     ; 0              ; 0            ; 0                ; 0                 ;
; u0|cmd_xbar_mux_013                                                                                                                                                                      ; 185   ; 0              ; 0            ; 0              ; 93     ; 0               ; 0             ; 0               ; 0     ; 0              ; 0            ; 0                ; 0                 ;
; u0|cmd_xbar_demux_003                                                                                                                                                                    ; 96    ; 9              ; 2            ; 9              ; 274    ; 9               ; 9             ; 9               ; 0     ; 0              ; 0            ; 0                ; 0                 ;
; u0|cmd_xbar_demux_002                                                                                                                                                                    ; 95    ; 4              ; 2            ; 4              ; 183    ; 4               ; 4             ; 4               ; 0     ; 0              ; 0            ; 0                ; 0                 ;
; u0|rsp_xbar_mux_001|arb|adder                                                                                                                                                            ; 52    ; 26             ; 0            ; 26             ; 26     ; 26              ; 26            ; 26              ; 0     ; 0              ; 0            ; 0                ; 0                 ;
; u0|rsp_xbar_mux_001|arb                                                                                                                                                                  ; 17    ; 0              ; 4            ; 0              ; 13     ; 0               ; 0             ; 0               ; 0     ; 0              ; 0            ; 0                ; 0                 ;
; u0|rsp_xbar_mux_001                                                                                                                                                                      ; 1563  ; 0              ; 0            ; 0              ; 133    ; 0               ; 0             ; 0               ; 0     ; 0              ; 0            ; 0                ; 0                 ;
; u0|rsp_xbar_mux|arb|adder                                                                                                                                                                ; 12    ; 6              ; 0            ; 6              ; 6      ; 6               ; 6             ; 6               ; 0     ; 0              ; 0            ; 0                ; 0                 ;
; u0|rsp_xbar_mux|arb                                                                                                                                                                      ; 7     ; 0              ; 4            ; 0              ; 3      ; 0               ; 0             ; 0               ; 0     ; 0              ; 0            ; 0                ; 0                 ;
; u0|rsp_xbar_mux                                                                                                                                                                          ; 363   ; 0              ; 0            ; 0              ; 123    ; 0               ; 0             ; 0               ; 0     ; 0              ; 0            ; 0                ; 0                 ;
; u0|rsp_xbar_demux_012                                                                                                                                                                    ; 123   ; 1              ; 2            ; 1              ; 121    ; 1               ; 1             ; 1               ; 0     ; 0              ; 0            ; 0                ; 0                 ;
; u0|rsp_xbar_demux_011                                                                                                                                                                    ; 123   ; 1              ; 2            ; 1              ; 121    ; 1               ; 1             ; 1               ; 0     ; 0              ; 0            ; 0                ; 0                 ;
; u0|rsp_xbar_demux_010                                                                                                                                                                    ; 123   ; 1              ; 2            ; 1              ; 121    ; 1               ; 1             ; 1               ; 0     ; 0              ; 0            ; 0                ; 0                 ;
; u0|rsp_xbar_demux_009                                                                                                                                                                    ; 123   ; 1              ; 2            ; 1              ; 121    ; 1               ; 1             ; 1               ; 0     ; 0              ; 0            ; 0                ; 0                 ;
; u0|rsp_xbar_demux_008                                                                                                                                                                    ; 123   ; 1              ; 2            ; 1              ; 121    ; 1               ; 1             ; 1               ; 0     ; 0              ; 0            ; 0                ; 0                 ;
; u0|rsp_xbar_demux_007                                                                                                                                                                    ; 123   ; 1              ; 2            ; 1              ; 121    ; 1               ; 1             ; 1               ; 0     ; 0              ; 0            ; 0                ; 0                 ;
; u0|rsp_xbar_demux_006                                                                                                                                                                    ; 123   ; 1              ; 2            ; 1              ; 121    ; 1               ; 1             ; 1               ; 0     ; 0              ; 0            ; 0                ; 0                 ;
; u0|rsp_xbar_demux_005                                                                                                                                                                    ; 123   ; 1              ; 2            ; 1              ; 121    ; 1               ; 1             ; 1               ; 0     ; 0              ; 0            ; 0                ; 0                 ;
; u0|rsp_xbar_demux_004                                                                                                                                                                    ; 123   ; 1              ; 2            ; 1              ; 121    ; 1               ; 1             ; 1               ; 0     ; 0              ; 0            ; 0                ; 0                 ;
; u0|rsp_xbar_demux_003                                                                                                                                                                    ; 123   ; 1              ; 2            ; 1              ; 121    ; 1               ; 1             ; 1               ; 0     ; 0              ; 0            ; 0                ; 0                 ;
; u0|rsp_xbar_demux_002                                                                                                                                                                    ; 124   ; 4              ; 2            ; 4              ; 241    ; 4               ; 4             ; 4               ; 0     ; 0              ; 0            ; 0                ; 0                 ;
; u0|rsp_xbar_demux_001                                                                                                                                                                    ; 124   ; 4              ; 2            ; 4              ; 241    ; 4               ; 4             ; 4               ; 0     ; 0              ; 0            ; 0                ; 0                 ;
; u0|rsp_xbar_demux                                                                                                                                                                        ; 124   ; 4              ; 2            ; 4              ; 241    ; 4               ; 4             ; 4               ; 0     ; 0              ; 0            ; 0                ; 0                 ;
; u0|cmd_xbar_mux_002|arb|adder                                                                                                                                                            ; 8     ; 2              ; 0            ; 2              ; 4      ; 2               ; 2             ; 2               ; 0     ; 0              ; 0            ; 0                ; 0                 ;
; u0|cmd_xbar_mux_002|arb                                                                                                                                                                  ; 6     ; 0              ; 0            ; 0              ; 2      ; 0               ; 0             ; 0               ; 0     ; 0              ; 0            ; 0                ; 0                 ;
; u0|cmd_xbar_mux_002                                                                                                                                                                      ; 243   ; 0              ; 0            ; 0              ; 122    ; 0               ; 0             ; 0               ; 0     ; 0              ; 0            ; 0                ; 0                 ;
; u0|cmd_xbar_mux_001|arb|adder                                                                                                                                                            ; 8     ; 2              ; 0            ; 2              ; 4      ; 2               ; 2             ; 2               ; 0     ; 0              ; 0            ; 0                ; 0                 ;
; u0|cmd_xbar_mux_001|arb                                                                                                                                                                  ; 6     ; 0              ; 0            ; 0              ; 2      ; 0               ; 0             ; 0               ; 0     ; 0              ; 0            ; 0                ; 0                 ;
; u0|cmd_xbar_mux_001                                                                                                                                                                      ; 243   ; 0              ; 0            ; 0              ; 122    ; 0               ; 0             ; 0               ; 0     ; 0              ; 0            ; 0                ; 0                 ;
; u0|cmd_xbar_mux|arb|adder                                                                                                                                                                ; 8     ; 2              ; 0            ; 2              ; 4      ; 2               ; 2             ; 2               ; 0     ; 0              ; 0            ; 0                ; 0                 ;
; u0|cmd_xbar_mux|arb                                                                                                                                                                      ; 6     ; 0              ; 0            ; 0              ; 2      ; 0               ; 0             ; 0               ; 0     ; 0              ; 0            ; 0                ; 0                 ;
; u0|cmd_xbar_mux                                                                                                                                                                          ; 243   ; 0              ; 0            ; 0              ; 122    ; 0               ; 0             ; 0               ; 0     ; 0              ; 0            ; 0                ; 0                 ;
; u0|cmd_xbar_demux_001                                                                                                                                                                    ; 135   ; 169            ; 2            ; 169            ; 1561   ; 169             ; 169           ; 169             ; 0     ; 0              ; 0            ; 0                ; 0                 ;
; u0|cmd_xbar_demux                                                                                                                                                                        ; 125   ; 9              ; 2            ; 9              ; 361    ; 9               ; 9             ; 9               ; 0     ; 0              ; 0            ; 0                ; 0                 ;
; u0|rst_controller_002|rst_controller|alt_rst_sync_uq1                                                                                                                                    ; 2     ; 0              ; 0            ; 0              ; 1      ; 0               ; 0             ; 0               ; 0     ; 0              ; 0            ; 0                ; 0                 ;
; u0|rst_controller_002|rst_controller                                                                                                                                                     ; 17    ; 15             ; 0            ; 15             ; 2      ; 15              ; 15            ; 15              ; 0     ; 0              ; 0            ; 0                ; 0                 ;
; u0|rst_controller_002                                                                                                                                                                    ; 17    ; 15             ; 0            ; 15             ; 2      ; 15              ; 15            ; 15              ; 0     ; 0              ; 0            ; 0                ; 0                 ;
; u0|rst_controller_001|rst_controller_001|alt_rst_sync_uq1                                                                                                                                ; 2     ; 0              ; 0            ; 0              ; 1      ; 0               ; 0             ; 0               ; 0     ; 0              ; 0            ; 0                ; 0                 ;
; u0|rst_controller_001|rst_controller_001                                                                                                                                                 ; 17    ; 15             ; 0            ; 15             ; 2      ; 15              ; 15            ; 15              ; 0     ; 0              ; 0            ; 0                ; 0                 ;
; u0|rst_controller_001                                                                                                                                                                    ; 17    ; 15             ; 0            ; 15             ; 2      ; 15              ; 15            ; 15              ; 0     ; 0              ; 0            ; 0                ; 0                 ;
; u0|rst_controller|rst_controller|alt_rst_sync_uq1                                                                                                                                        ; 2     ; 0              ; 0            ; 0              ; 1      ; 0               ; 0             ; 0               ; 0     ; 0              ; 0            ; 0                ; 0                 ;
; u0|rst_controller|rst_controller                                                                                                                                                         ; 17    ; 15             ; 0            ; 15             ; 2      ; 15              ; 15            ; 15              ; 0     ; 0              ; 0            ; 0                ; 0                 ;
; u0|rst_controller                                                                                                                                                                        ; 17    ; 15             ; 0            ; 15             ; 2      ; 15              ; 15            ; 15              ; 0     ; 0              ; 0            ; 0                ; 0                 ;
; u0|burst_adapter_002|burst_adapter_002|altera_merlin_burst_adapter_uncompressed_only.the_ba                                                                                              ; 76    ; 3              ; 5            ; 3              ; 74     ; 3               ; 3             ; 3               ; 0     ; 0              ; 0            ; 0                ; 0                 ;
; u0|burst_adapter_002|burst_adapter_002                                                                                                                                                   ; 76    ; 0              ; 0            ; 0              ; 74     ; 0               ; 0             ; 0               ; 0     ; 0              ; 0            ; 0                ; 0                 ;
; u0|burst_adapter_002                                                                                                                                                                     ; 76    ; 0              ; 0            ; 0              ; 74     ; 0               ; 0             ; 0               ; 0     ; 0              ; 0            ; 0                ; 0                 ;
; u0|burst_adapter_001|burst_adapter|altera_merlin_burst_adapter_uncompressed_only.the_ba                                                                                                  ; 105   ; 3              ; 5            ; 3              ; 103    ; 3               ; 3             ; 3               ; 0     ; 0              ; 0            ; 0                ; 0                 ;
; u0|burst_adapter_001|burst_adapter                                                                                                                                                       ; 105   ; 0              ; 0            ; 0              ; 103    ; 0               ; 0             ; 0               ; 0     ; 0              ; 0            ; 0                ; 0                 ;
; u0|burst_adapter_001                                                                                                                                                                     ; 105   ; 0              ; 0            ; 0              ; 103    ; 0               ; 0             ; 0               ; 0     ; 0              ; 0            ; 0                ; 0                 ;
; u0|burst_adapter|burst_adapter|altera_merlin_burst_adapter_uncompressed_only.the_ba                                                                                                      ; 105   ; 3              ; 5            ; 3              ; 103    ; 3               ; 3             ; 3               ; 0     ; 0              ; 0            ; 0                ; 0                 ;
; u0|burst_adapter|burst_adapter                                                                                                                                                           ; 105   ; 0              ; 0            ; 0              ; 103    ; 0               ; 0             ; 0               ; 0     ; 0              ; 0            ; 0                ; 0                 ;
; u0|burst_adapter                                                                                                                                                                         ; 105   ; 0              ; 0            ; 0              ; 103    ; 0               ; 0             ; 0               ; 0     ; 0              ; 0            ; 0                ; 0                 ;
; u0|id_router_015|the_default_decode                                                                                                                                                      ; 0     ; 5              ; 0            ; 5              ; 5      ; 5               ; 5             ; 5               ; 0     ; 0              ; 0            ; 0                ; 0                 ;
; u0|id_router_015                                                                                                                                                                         ; 73    ; 0              ; 2            ; 0              ; 74     ; 0               ; 0             ; 0               ; 0     ; 0              ; 0            ; 0                ; 0                 ;
; u0|id_router_014|the_default_decode                                                                                                                                                      ; 0     ; 5              ; 0            ; 5              ; 5      ; 5               ; 5             ; 5               ; 0     ; 0              ; 0            ; 0                ; 0                 ;
; u0|id_router_014                                                                                                                                                                         ; 91    ; 0              ; 2            ; 0              ; 92     ; 0               ; 0             ; 0               ; 0     ; 0              ; 0            ; 0                ; 0                 ;
; u0|id_router_013|the_default_decode                                                                                                                                                      ; 0     ; 5              ; 0            ; 5              ; 5      ; 5               ; 5             ; 5               ; 0     ; 0              ; 0            ; 0                ; 0                 ;
; u0|id_router_013                                                                                                                                                                         ; 91    ; 0              ; 2            ; 0              ; 92     ; 0               ; 0             ; 0               ; 0     ; 0              ; 0            ; 0                ; 0                 ;
; u0|addr_router_003|the_default_decode                                                                                                                                                    ; 0     ; 5              ; 0            ; 5              ; 5      ; 5               ; 5             ; 5               ; 0     ; 0              ; 0            ; 0                ; 0                 ;
; u0|addr_router_003                                                                                                                                                                       ; 91    ; 0              ; 4            ; 0              ; 92     ; 0               ; 0             ; 0               ; 0     ; 0              ; 0            ; 0                ; 0                 ;
; u0|addr_router_002|the_default_decode                                                                                                                                                    ; 0     ; 5              ; 0            ; 5              ; 5      ; 5               ; 5             ; 5               ; 0     ; 0              ; 0            ; 0                ; 0                 ;
; u0|addr_router_002                                                                                                                                                                       ; 91    ; 0              ; 4            ; 0              ; 92     ; 0               ; 0             ; 0               ; 0     ; 0              ; 0            ; 0                ; 0                 ;
; u0|id_router_012|the_default_decode                                                                                                                                                      ; 0     ; 17             ; 0            ; 17             ; 17     ; 17              ; 17            ; 17              ; 0     ; 0              ; 0            ; 0                ; 0                 ;
; u0|id_router_012                                                                                                                                                                         ; 110   ; 0              ; 2            ; 0              ; 121    ; 0               ; 0             ; 0               ; 0     ; 0              ; 0            ; 0                ; 0                 ;
; u0|id_router_011|the_default_decode                                                                                                                                                      ; 0     ; 17             ; 0            ; 17             ; 17     ; 17              ; 17            ; 17              ; 0     ; 0              ; 0            ; 0                ; 0                 ;
; u0|id_router_011                                                                                                                                                                         ; 110   ; 0              ; 2            ; 0              ; 121    ; 0               ; 0             ; 0               ; 0     ; 0              ; 0            ; 0                ; 0                 ;
; u0|id_router_010|the_default_decode                                                                                                                                                      ; 0     ; 17             ; 0            ; 17             ; 17     ; 17              ; 17            ; 17              ; 0     ; 0              ; 0            ; 0                ; 0                 ;
; u0|id_router_010                                                                                                                                                                         ; 110   ; 0              ; 2            ; 0              ; 121    ; 0               ; 0             ; 0               ; 0     ; 0              ; 0            ; 0                ; 0                 ;
; u0|id_router_009|the_default_decode                                                                                                                                                      ; 0     ; 17             ; 0            ; 17             ; 17     ; 17              ; 17            ; 17              ; 0     ; 0              ; 0            ; 0                ; 0                 ;
; u0|id_router_009                                                                                                                                                                         ; 110   ; 0              ; 2            ; 0              ; 121    ; 0               ; 0             ; 0               ; 0     ; 0              ; 0            ; 0                ; 0                 ;
; u0|id_router_008|the_default_decode                                                                                                                                                      ; 0     ; 17             ; 0            ; 17             ; 17     ; 17              ; 17            ; 17              ; 0     ; 0              ; 0            ; 0                ; 0                 ;
; u0|id_router_008                                                                                                                                                                         ; 110   ; 0              ; 2            ; 0              ; 121    ; 0               ; 0             ; 0               ; 0     ; 0              ; 0            ; 0                ; 0                 ;
; u0|id_router_007|the_default_decode                                                                                                                                                      ; 0     ; 17             ; 0            ; 17             ; 17     ; 17              ; 17            ; 17              ; 0     ; 0              ; 0            ; 0                ; 0                 ;
; u0|id_router_007                                                                                                                                                                         ; 110   ; 0              ; 2            ; 0              ; 121    ; 0               ; 0             ; 0               ; 0     ; 0              ; 0            ; 0                ; 0                 ;
; u0|id_router_006|the_default_decode                                                                                                                                                      ; 0     ; 17             ; 0            ; 17             ; 17     ; 17              ; 17            ; 17              ; 0     ; 0              ; 0            ; 0                ; 0                 ;
; u0|id_router_006                                                                                                                                                                         ; 110   ; 0              ; 2            ; 0              ; 121    ; 0               ; 0             ; 0               ; 0     ; 0              ; 0            ; 0                ; 0                 ;
; u0|id_router_005|the_default_decode                                                                                                                                                      ; 0     ; 17             ; 0            ; 17             ; 17     ; 17              ; 17            ; 17              ; 0     ; 0              ; 0            ; 0                ; 0                 ;
; u0|id_router_005                                                                                                                                                                         ; 110   ; 0              ; 2            ; 0              ; 121    ; 0               ; 0             ; 0               ; 0     ; 0              ; 0            ; 0                ; 0                 ;
; u0|id_router_004|the_default_decode                                                                                                                                                      ; 0     ; 17             ; 0            ; 17             ; 17     ; 17              ; 17            ; 17              ; 0     ; 0              ; 0            ; 0                ; 0                 ;
; u0|id_router_004                                                                                                                                                                         ; 110   ; 0              ; 2            ; 0              ; 121    ; 0               ; 0             ; 0               ; 0     ; 0              ; 0            ; 0                ; 0                 ;
; u0|id_router_003|the_default_decode                                                                                                                                                      ; 0     ; 17             ; 0            ; 17             ; 17     ; 17              ; 17            ; 17              ; 0     ; 0              ; 0            ; 0                ; 0                 ;
; u0|id_router_003                                                                                                                                                                         ; 110   ; 0              ; 2            ; 0              ; 121    ; 0               ; 0             ; 0               ; 0     ; 0              ; 0            ; 0                ; 0                 ;
; u0|id_router_002|the_default_decode                                                                                                                                                      ; 0     ; 17             ; 0            ; 17             ; 17     ; 17              ; 17            ; 17              ; 0     ; 0              ; 0            ; 0                ; 0                 ;
; u0|id_router_002                                                                                                                                                                         ; 92    ; 0              ; 2            ; 0              ; 103    ; 0               ; 0             ; 0               ; 0     ; 0              ; 0            ; 0                ; 0                 ;
; u0|id_router_001|the_default_decode                                                                                                                                                      ; 0     ; 17             ; 0            ; 17             ; 17     ; 17              ; 17            ; 17              ; 0     ; 0              ; 0            ; 0                ; 0                 ;
; u0|id_router_001                                                                                                                                                                         ; 92    ; 0              ; 2            ; 0              ; 103    ; 0               ; 0             ; 0               ; 0     ; 0              ; 0            ; 0                ; 0                 ;
; u0|id_router|the_default_decode                                                                                                                                                          ; 0     ; 17             ; 0            ; 17             ; 17     ; 17              ; 17            ; 17              ; 0     ; 0              ; 0            ; 0                ; 0                 ;
; u0|id_router                                                                                                                                                                             ; 110   ; 0              ; 2            ; 0              ; 121    ; 0               ; 0             ; 0               ; 0     ; 0              ; 0            ; 0                ; 0                 ;
; u0|addr_router_001|the_default_decode                                                                                                                                                    ; 0     ; 17             ; 0            ; 17             ; 17     ; 17              ; 17            ; 17              ; 0     ; 0              ; 0            ; 0                ; 0                 ;
; u0|addr_router_001                                                                                                                                                                       ; 110   ; 0              ; 6            ; 0              ; 121    ; 0               ; 0             ; 0               ; 0     ; 0              ; 0            ; 0                ; 0                 ;
; u0|addr_router|the_default_decode                                                                                                                                                        ; 0     ; 17             ; 0            ; 17             ; 17     ; 17              ; 17            ; 17              ; 0     ; 0              ; 0            ; 0                ; 0                 ;
; u0|addr_router                                                                                                                                                                           ; 110   ; 0              ; 6            ; 0              ; 121    ; 0               ; 0             ; 0               ; 0     ; 0              ; 0            ; 0                ; 0                 ;
; u0|reg16_avalon_interface_0_avalon_slave_0_translator_avalon_universal_slave_0_agent_rsp_fifo|reg16_avalon_interface_0_avalon_slave_0_translator_avalon_universal_slave_0_agent_rsp_fifo ; 113   ; 76             ; 0            ; 76             ; 109    ; 76              ; 76            ; 76              ; 0     ; 0              ; 0            ; 0                ; 0                 ;
; u0|reg16_avalon_interface_0_avalon_slave_0_translator_avalon_universal_slave_0_agent_rsp_fifo                                                                                            ; 113   ; 76             ; 0            ; 76             ; 109    ; 76              ; 76            ; 76              ; 0     ; 0              ; 0            ; 0                ; 0                 ;
; u0|reg16_avalon_interface_0_avalon_slave_0_translator_avalon_universal_slave_0_agent|reg16_avalon_interface_0_avalon_slave_0_translator_avalon_universal_slave_0_agent|uncompressor      ; 30    ; 1              ; 0            ; 1              ; 28     ; 1               ; 1             ; 1               ; 0     ; 0              ; 0            ; 0                ; 0                 ;
; u0|reg16_avalon_interface_0_avalon_slave_0_translator_avalon_universal_slave_0_agent|reg16_avalon_interface_0_avalon_slave_0_translator_avalon_universal_slave_0_agent                   ; 189   ; 23             ; 24           ; 23             ; 202    ; 23              ; 23            ; 23              ; 0     ; 0              ; 0            ; 0                ; 0                 ;
; u0|reg16_avalon_interface_0_avalon_slave_0_translator_avalon_universal_slave_0_agent                                                                                                     ; 189   ; 4              ; 0            ; 4              ; 202    ; 4               ; 4             ; 4               ; 0     ; 0              ; 0            ; 0                ; 0                 ;
; u0|onchip_memory2_0_s1_translator_avalon_universal_slave_0_agent_rsp_fifo|nios2_qsys_0_jtag_debug_module_translator_avalon_universal_slave_0_agent_rsp_fifo                              ; 131   ; 76             ; 0            ; 76             ; 127    ; 76              ; 76            ; 76              ; 0     ; 0              ; 0            ; 0                ; 0                 ;
; u0|onchip_memory2_0_s1_translator_avalon_universal_slave_0_agent_rsp_fifo                                                                                                                ; 131   ; 76             ; 0            ; 76             ; 127    ; 76              ; 76            ; 76              ; 0     ; 0              ; 0            ; 0                ; 0                 ;
; u0|onchip_memory2_0_s1_translator_avalon_universal_slave_0_agent|nios2_qsys_0_jtag_debug_module_translator_avalon_universal_slave_0_agent|uncompressor                                   ; 30    ; 1              ; 0            ; 1              ; 28     ; 1               ; 1             ; 1               ; 0     ; 0              ; 0            ; 0                ; 0                 ;
; u0|onchip_memory2_0_s1_translator_avalon_universal_slave_0_agent|nios2_qsys_0_jtag_debug_module_translator_avalon_universal_slave_0_agent                                                ; 257   ; 40             ; 40           ; 40             ; 273    ; 40              ; 40            ; 40              ; 0     ; 0              ; 0            ; 0                ; 0                 ;
; u0|onchip_memory2_0_s1_translator_avalon_universal_slave_0_agent                                                                                                                         ; 257   ; 4              ; 0            ; 4              ; 273    ; 4               ; 4             ; 4               ; 0     ; 0              ; 0            ; 0                ; 0                 ;
; u0|nios2_qsys_0_jtag_debug_module_translator_avalon_universal_slave_0_agent_rsp_fifo|nios2_qsys_0_jtag_debug_module_translator_avalon_universal_slave_0_agent_rsp_fifo                   ; 131   ; 76             ; 0            ; 76             ; 127    ; 76              ; 76            ; 76              ; 0     ; 0              ; 0            ; 0                ; 0                 ;
; u0|nios2_qsys_0_jtag_debug_module_translator_avalon_universal_slave_0_agent_rsp_fifo                                                                                                     ; 131   ; 76             ; 0            ; 76             ; 127    ; 76              ; 76            ; 76              ; 0     ; 0              ; 0            ; 0                ; 0                 ;
; u0|nios2_qsys_0_jtag_debug_module_translator_avalon_universal_slave_0_agent|nios2_qsys_0_jtag_debug_module_translator_avalon_universal_slave_0_agent|uncompressor                        ; 30    ; 1              ; 0            ; 1              ; 28     ; 1               ; 1             ; 1               ; 0     ; 0              ; 0            ; 0                ; 0                 ;
; u0|nios2_qsys_0_jtag_debug_module_translator_avalon_universal_slave_0_agent|nios2_qsys_0_jtag_debug_module_translator_avalon_universal_slave_0_agent                                     ; 257   ; 40             ; 40           ; 40             ; 273    ; 40              ; 40            ; 40              ; 0     ; 0              ; 0            ; 0                ; 0                 ;
; u0|nios2_qsys_0_jtag_debug_module_translator_avalon_universal_slave_0_agent                                                                                                              ; 257   ; 4              ; 0            ; 4              ; 273    ; 4               ; 4             ; 4               ; 0     ; 0              ; 0            ; 0                ; 0                 ;
; u0|nios2_qsys_0_data_master_translator_avalon_universal_master_0_agent|nios2_qsys_0_instruction_master_translator_avalon_universal_master_0_agent                                        ; 152   ; 36             ; 59           ; 36             ; 126    ; 36              ; 36            ; 36              ; 0     ; 0              ; 0            ; 0                ; 0                 ;
; u0|nios2_qsys_0_data_master_translator_avalon_universal_master_0_agent                                                                                                                   ; 152   ; 4              ; 0            ; 4              ; 126    ; 4               ; 4             ; 4               ; 0     ; 0              ; 0            ; 0                ; 0                 ;
; u0|nios2_qsys_0_instruction_master_translator_avalon_universal_master_0_agent|nios2_qsys_0_instruction_master_translator_avalon_universal_master_0_agent                                 ; 152   ; 36             ; 59           ; 36             ; 126    ; 36              ; 36            ; 36              ; 0     ; 0              ; 0            ; 0                ; 0                 ;
; u0|nios2_qsys_0_instruction_master_translator_avalon_universal_master_0_agent                                                                                                            ; 152   ; 4              ; 0            ; 4              ; 126    ; 4               ; 4             ; 4               ; 0     ; 0              ; 0            ; 0                ; 0                 ;
; u0|serial_port_avalon_rs232_slave_translator_avalon_universal_slave_0_agent_rsp_fifo|cpu_jtag_debug_module_translator_avalon_universal_slave_0_agent_rsp_fifo                            ; 150   ; 76             ; 0            ; 76             ; 146    ; 76              ; 76            ; 76              ; 0     ; 0              ; 0            ; 0                ; 0                 ;
; u0|serial_port_avalon_rs232_slave_translator_avalon_universal_slave_0_agent_rsp_fifo                                                                                                     ; 150   ; 76             ; 0            ; 76             ; 146    ; 76              ; 76            ; 76              ; 0     ; 0              ; 0            ; 0                ; 0                 ;
; u0|serial_port_avalon_rs232_slave_translator_avalon_universal_slave_0_agent|cpu_jtag_debug_module_translator_avalon_universal_slave_0_agent|uncompressor                                 ; 45    ; 1              ; 0            ; 1              ; 43     ; 1               ; 1             ; 1               ; 0     ; 0              ; 0            ; 0                ; 0                 ;
; u0|serial_port_avalon_rs232_slave_translator_avalon_universal_slave_0_agent|cpu_jtag_debug_module_translator_avalon_universal_slave_0_agent                                              ; 305   ; 40             ; 50           ; 40             ; 326    ; 40              ; 40            ; 40              ; 0     ; 0              ; 0            ; 0                ; 0                 ;
; u0|serial_port_avalon_rs232_slave_translator_avalon_universal_slave_0_agent                                                                                                              ; 305   ; 4              ; 0            ; 4              ; 326    ; 4               ; 4             ; 4               ; 0     ; 0              ; 0            ; 0                ; 0                 ;
; u0|expansion_jp2_avalon_parallel_port_slave_translator_avalon_universal_slave_0_agent_rsp_fifo|cpu_jtag_debug_module_translator_avalon_universal_slave_0_agent_rsp_fifo                  ; 150   ; 76             ; 0            ; 76             ; 146    ; 76              ; 76            ; 76              ; 0     ; 0              ; 0            ; 0                ; 0                 ;
; u0|expansion_jp2_avalon_parallel_port_slave_translator_avalon_universal_slave_0_agent_rsp_fifo                                                                                           ; 150   ; 76             ; 0            ; 76             ; 146    ; 76              ; 76            ; 76              ; 0     ; 0              ; 0            ; 0                ; 0                 ;
; u0|expansion_jp2_avalon_parallel_port_slave_translator_avalon_universal_slave_0_agent|cpu_jtag_debug_module_translator_avalon_universal_slave_0_agent|uncompressor                       ; 45    ; 1              ; 0            ; 1              ; 43     ; 1               ; 1             ; 1               ; 0     ; 0              ; 0            ; 0                ; 0                 ;
; u0|expansion_jp2_avalon_parallel_port_slave_translator_avalon_universal_slave_0_agent|cpu_jtag_debug_module_translator_avalon_universal_slave_0_agent                                    ; 305   ; 40             ; 50           ; 40             ; 326    ; 40              ; 40            ; 40              ; 0     ; 0              ; 0            ; 0                ; 0                 ;
; u0|expansion_jp2_avalon_parallel_port_slave_translator_avalon_universal_slave_0_agent                                                                                                    ; 305   ; 4              ; 0            ; 4              ; 326    ; 4               ; 4             ; 4               ; 0     ; 0              ; 0            ; 0                ; 0                 ;
; u0|expansion_jp1_avalon_parallel_port_slave_translator_avalon_universal_slave_0_agent_rsp_fifo|cpu_jtag_debug_module_translator_avalon_universal_slave_0_agent_rsp_fifo                  ; 150   ; 76             ; 0            ; 76             ; 146    ; 76              ; 76            ; 76              ; 0     ; 0              ; 0            ; 0                ; 0                 ;
; u0|expansion_jp1_avalon_parallel_port_slave_translator_avalon_universal_slave_0_agent_rsp_fifo                                                                                           ; 150   ; 76             ; 0            ; 76             ; 146    ; 76              ; 76            ; 76              ; 0     ; 0              ; 0            ; 0                ; 0                 ;
; u0|expansion_jp1_avalon_parallel_port_slave_translator_avalon_universal_slave_0_agent|cpu_jtag_debug_module_translator_avalon_universal_slave_0_agent|uncompressor                       ; 45    ; 1              ; 0            ; 1              ; 43     ; 1               ; 1             ; 1               ; 0     ; 0              ; 0            ; 0                ; 0                 ;
; u0|expansion_jp1_avalon_parallel_port_slave_translator_avalon_universal_slave_0_agent|cpu_jtag_debug_module_translator_avalon_universal_slave_0_agent                                    ; 305   ; 40             ; 50           ; 40             ; 326    ; 40              ; 40            ; 40              ; 0     ; 0              ; 0            ; 0                ; 0                 ;
; u0|expansion_jp1_avalon_parallel_port_slave_translator_avalon_universal_slave_0_agent                                                                                                    ; 305   ; 4              ; 0            ; 4              ; 326    ; 4               ; 4             ; 4               ; 0     ; 0              ; 0            ; 0                ; 0                 ;
; u0|pushbuttons_avalon_parallel_port_slave_translator_avalon_universal_slave_0_agent_rsp_fifo|cpu_jtag_debug_module_translator_avalon_universal_slave_0_agent_rsp_fifo                    ; 150   ; 76             ; 0            ; 76             ; 146    ; 76              ; 76            ; 76              ; 0     ; 0              ; 0            ; 0                ; 0                 ;
; u0|pushbuttons_avalon_parallel_port_slave_translator_avalon_universal_slave_0_agent_rsp_fifo                                                                                             ; 150   ; 76             ; 0            ; 76             ; 146    ; 76              ; 76            ; 76              ; 0     ; 0              ; 0            ; 0                ; 0                 ;
; u0|pushbuttons_avalon_parallel_port_slave_translator_avalon_universal_slave_0_agent|cpu_jtag_debug_module_translator_avalon_universal_slave_0_agent|uncompressor                         ; 45    ; 1              ; 0            ; 1              ; 43     ; 1               ; 1             ; 1               ; 0     ; 0              ; 0            ; 0                ; 0                 ;
; u0|pushbuttons_avalon_parallel_port_slave_translator_avalon_universal_slave_0_agent|cpu_jtag_debug_module_translator_avalon_universal_slave_0_agent                                      ; 305   ; 40             ; 50           ; 40             ; 326    ; 40              ; 40            ; 40              ; 0     ; 0              ; 0            ; 0                ; 0                 ;
; u0|pushbuttons_avalon_parallel_port_slave_translator_avalon_universal_slave_0_agent                                                                                                      ; 305   ; 4              ; 0            ; 4              ; 326    ; 4               ; 4             ; 4               ; 0     ; 0              ; 0            ; 0                ; 0                 ;
; u0|slider_switches_avalon_parallel_port_slave_translator_avalon_universal_slave_0_agent_rsp_fifo|cpu_jtag_debug_module_translator_avalon_universal_slave_0_agent_rsp_fifo                ; 150   ; 76             ; 0            ; 76             ; 146    ; 76              ; 76            ; 76              ; 0     ; 0              ; 0            ; 0                ; 0                 ;
; u0|slider_switches_avalon_parallel_port_slave_translator_avalon_universal_slave_0_agent_rsp_fifo                                                                                         ; 150   ; 76             ; 0            ; 76             ; 146    ; 76              ; 76            ; 76              ; 0     ; 0              ; 0            ; 0                ; 0                 ;
; u0|slider_switches_avalon_parallel_port_slave_translator_avalon_universal_slave_0_agent|cpu_jtag_debug_module_translator_avalon_universal_slave_0_agent|uncompressor                     ; 45    ; 1              ; 0            ; 1              ; 43     ; 1               ; 1             ; 1               ; 0     ; 0              ; 0            ; 0                ; 0                 ;
; u0|slider_switches_avalon_parallel_port_slave_translator_avalon_universal_slave_0_agent|cpu_jtag_debug_module_translator_avalon_universal_slave_0_agent                                  ; 305   ; 40             ; 50           ; 40             ; 326    ; 40              ; 40            ; 40              ; 0     ; 0              ; 0            ; 0                ; 0                 ;
; u0|slider_switches_avalon_parallel_port_slave_translator_avalon_universal_slave_0_agent                                                                                                  ; 305   ; 4              ; 0            ; 4              ; 326    ; 4               ; 4             ; 4               ; 0     ; 0              ; 0            ; 0                ; 0                 ;
; u0|hex3_hex0_avalon_parallel_port_slave_translator_avalon_universal_slave_0_agent_rsp_fifo|cpu_jtag_debug_module_translator_avalon_universal_slave_0_agent_rsp_fifo                      ; 150   ; 76             ; 0            ; 76             ; 146    ; 76              ; 76            ; 76              ; 0     ; 0              ; 0            ; 0                ; 0                 ;
; u0|hex3_hex0_avalon_parallel_port_slave_translator_avalon_universal_slave_0_agent_rsp_fifo                                                                                               ; 150   ; 76             ; 0            ; 76             ; 146    ; 76              ; 76            ; 76              ; 0     ; 0              ; 0            ; 0                ; 0                 ;
; u0|hex3_hex0_avalon_parallel_port_slave_translator_avalon_universal_slave_0_agent|cpu_jtag_debug_module_translator_avalon_universal_slave_0_agent|uncompressor                           ; 45    ; 1              ; 0            ; 1              ; 43     ; 1               ; 1             ; 1               ; 0     ; 0              ; 0            ; 0                ; 0                 ;
; u0|hex3_hex0_avalon_parallel_port_slave_translator_avalon_universal_slave_0_agent|cpu_jtag_debug_module_translator_avalon_universal_slave_0_agent                                        ; 305   ; 40             ; 50           ; 40             ; 326    ; 40              ; 40            ; 40              ; 0     ; 0              ; 0            ; 0                ; 0                 ;
; u0|hex3_hex0_avalon_parallel_port_slave_translator_avalon_universal_slave_0_agent                                                                                                        ; 305   ; 4              ; 0            ; 4              ; 326    ; 4               ; 4             ; 4               ; 0     ; 0              ; 0            ; 0                ; 0                 ;
; u0|green_leds_avalon_parallel_port_slave_translator_avalon_universal_slave_0_agent_rsp_fifo|cpu_jtag_debug_module_translator_avalon_universal_slave_0_agent_rsp_fifo                     ; 150   ; 76             ; 0            ; 76             ; 146    ; 76              ; 76            ; 76              ; 0     ; 0              ; 0            ; 0                ; 0                 ;
; u0|green_leds_avalon_parallel_port_slave_translator_avalon_universal_slave_0_agent_rsp_fifo                                                                                              ; 150   ; 76             ; 0            ; 76             ; 146    ; 76              ; 76            ; 76              ; 0     ; 0              ; 0            ; 0                ; 0                 ;
; u0|green_leds_avalon_parallel_port_slave_translator_avalon_universal_slave_0_agent|cpu_jtag_debug_module_translator_avalon_universal_slave_0_agent|uncompressor                          ; 45    ; 1              ; 0            ; 1              ; 43     ; 1               ; 1             ; 1               ; 0     ; 0              ; 0            ; 0                ; 0                 ;
; u0|green_leds_avalon_parallel_port_slave_translator_avalon_universal_slave_0_agent|cpu_jtag_debug_module_translator_avalon_universal_slave_0_agent                                       ; 305   ; 40             ; 50           ; 40             ; 326    ; 40              ; 40            ; 40              ; 0     ; 0              ; 0            ; 0                ; 0                 ;
; u0|green_leds_avalon_parallel_port_slave_translator_avalon_universal_slave_0_agent                                                                                                       ; 305   ; 4              ; 0            ; 4              ; 326    ; 4               ; 4             ; 4               ; 0     ; 0              ; 0            ; 0                ; 0                 ;
; u0|red_leds_avalon_parallel_port_slave_translator_avalon_universal_slave_0_agent_rsp_fifo|cpu_jtag_debug_module_translator_avalon_universal_slave_0_agent_rsp_fifo                       ; 150   ; 76             ; 0            ; 76             ; 146    ; 76              ; 76            ; 76              ; 0     ; 0              ; 0            ; 0                ; 0                 ;
; u0|red_leds_avalon_parallel_port_slave_translator_avalon_universal_slave_0_agent_rsp_fifo                                                                                                ; 150   ; 76             ; 0            ; 76             ; 146    ; 76              ; 76            ; 76              ; 0     ; 0              ; 0            ; 0                ; 0                 ;
; u0|red_leds_avalon_parallel_port_slave_translator_avalon_universal_slave_0_agent|cpu_jtag_debug_module_translator_avalon_universal_slave_0_agent|uncompressor                            ; 45    ; 1              ; 0            ; 1              ; 43     ; 1               ; 1             ; 1               ; 0     ; 0              ; 0            ; 0                ; 0                 ;
; u0|red_leds_avalon_parallel_port_slave_translator_avalon_universal_slave_0_agent|cpu_jtag_debug_module_translator_avalon_universal_slave_0_agent                                         ; 305   ; 40             ; 50           ; 40             ; 326    ; 40              ; 40            ; 40              ; 0     ; 0              ; 0            ; 0                ; 0                 ;
; u0|red_leds_avalon_parallel_port_slave_translator_avalon_universal_slave_0_agent                                                                                                         ; 305   ; 4              ; 0            ; 4              ; 326    ; 4               ; 4             ; 4               ; 0     ; 0              ; 0            ; 0                ; 0                 ;
; u0|interval_timer_s1_translator_avalon_universal_slave_0_agent_rsp_fifo|cpu_jtag_debug_module_translator_avalon_universal_slave_0_agent_rsp_fifo                                         ; 150   ; 76             ; 0            ; 76             ; 146    ; 76              ; 76            ; 76              ; 0     ; 0              ; 0            ; 0                ; 0                 ;
; u0|interval_timer_s1_translator_avalon_universal_slave_0_agent_rsp_fifo                                                                                                                  ; 150   ; 76             ; 0            ; 76             ; 146    ; 76              ; 76            ; 76              ; 0     ; 0              ; 0            ; 0                ; 0                 ;
; u0|interval_timer_s1_translator_avalon_universal_slave_0_agent|cpu_jtag_debug_module_translator_avalon_universal_slave_0_agent|uncompressor                                              ; 45    ; 1              ; 0            ; 1              ; 43     ; 1               ; 1             ; 1               ; 0     ; 0              ; 0            ; 0                ; 0                 ;
; u0|interval_timer_s1_translator_avalon_universal_slave_0_agent|cpu_jtag_debug_module_translator_avalon_universal_slave_0_agent                                                           ; 305   ; 40             ; 50           ; 40             ; 326    ; 40              ; 40            ; 40              ; 0     ; 0              ; 0            ; 0                ; 0                 ;
; u0|interval_timer_s1_translator_avalon_universal_slave_0_agent                                                                                                                           ; 305   ; 4              ; 0            ; 4              ; 326    ; 4               ; 4             ; 4               ; 0     ; 0              ; 0            ; 0                ; 0                 ;
; u0|jtag_uart_avalon_jtag_slave_translator_avalon_universal_slave_0_agent_rsp_fifo|cpu_jtag_debug_module_translator_avalon_universal_slave_0_agent_rsp_fifo                               ; 150   ; 76             ; 0            ; 76             ; 146    ; 76              ; 76            ; 76              ; 0     ; 0              ; 0            ; 0                ; 0                 ;
; u0|jtag_uart_avalon_jtag_slave_translator_avalon_universal_slave_0_agent_rsp_fifo                                                                                                        ; 150   ; 76             ; 0            ; 76             ; 146    ; 76              ; 76            ; 76              ; 0     ; 0              ; 0            ; 0                ; 0                 ;
; u0|jtag_uart_avalon_jtag_slave_translator_avalon_universal_slave_0_agent|cpu_jtag_debug_module_translator_avalon_universal_slave_0_agent|uncompressor                                    ; 45    ; 1              ; 0            ; 1              ; 43     ; 1               ; 1             ; 1               ; 0     ; 0              ; 0            ; 0                ; 0                 ;
; u0|jtag_uart_avalon_jtag_slave_translator_avalon_universal_slave_0_agent|cpu_jtag_debug_module_translator_avalon_universal_slave_0_agent                                                 ; 305   ; 40             ; 50           ; 40             ; 326    ; 40              ; 40            ; 40              ; 0     ; 0              ; 0            ; 0                ; 0                 ;
; u0|jtag_uart_avalon_jtag_slave_translator_avalon_universal_slave_0_agent                                                                                                                 ; 305   ; 4              ; 0            ; 4              ; 326    ; 4               ; 4             ; 4               ; 0     ; 0              ; 0            ; 0                ; 0                 ;
; u0|sram_avalon_sram_slave_translator_avalon_universal_slave_0_agent_rdata_fifo|sdram_s1_translator_avalon_universal_slave_0_agent_rdata_fifo                                             ; 63    ; 80             ; 0            ; 80             ; 59     ; 80              ; 80            ; 80              ; 0     ; 0              ; 0            ; 0                ; 0                 ;
; u0|sram_avalon_sram_slave_translator_avalon_universal_slave_0_agent_rdata_fifo                                                                                                           ; 63    ; 80             ; 0            ; 80             ; 59     ; 80              ; 80            ; 80              ; 0     ; 0              ; 0            ; 0                ; 0                 ;
; u0|sram_avalon_sram_slave_translator_avalon_universal_slave_0_agent_rsp_fifo|sdram_s1_translator_avalon_universal_slave_0_agent_rsp_fifo                                                 ; 132   ; 76             ; 0            ; 76             ; 128    ; 76              ; 76            ; 76              ; 0     ; 0              ; 0            ; 0                ; 0                 ;
; u0|sram_avalon_sram_slave_translator_avalon_universal_slave_0_agent_rsp_fifo                                                                                                             ; 132   ; 76             ; 0            ; 76             ; 128    ; 76              ; 76            ; 76              ; 0     ; 0              ; 0            ; 0                ; 0                 ;
; u0|sram_avalon_sram_slave_translator_avalon_universal_slave_0_agent|sdram_s1_translator_avalon_universal_slave_0_agent|uncompressor                                                      ; 45    ; 1              ; 0            ; 1              ; 43     ; 1               ; 1             ; 1               ; 0     ; 0              ; 0            ; 0                ; 0                 ;
; u0|sram_avalon_sram_slave_translator_avalon_universal_slave_0_agent|sdram_s1_translator_avalon_universal_slave_0_agent                                                                   ; 237   ; 23             ; 34           ; 23             ; 255    ; 23              ; 23            ; 23              ; 0     ; 0              ; 0            ; 0                ; 0                 ;
; u0|sram_avalon_sram_slave_translator_avalon_universal_slave_0_agent                                                                                                                      ; 237   ; 4              ; 0            ; 4              ; 255    ; 4               ; 4             ; 4               ; 0     ; 0              ; 0            ; 0                ; 0                 ;
; u0|sdram_s1_translator_avalon_universal_slave_0_agent_rdata_fifo|sdram_s1_translator_avalon_universal_slave_0_agent_rdata_fifo                                                           ; 63    ; 80             ; 0            ; 80             ; 59     ; 80              ; 80            ; 80              ; 0     ; 0              ; 0            ; 0                ; 0                 ;
; u0|sdram_s1_translator_avalon_universal_slave_0_agent_rdata_fifo                                                                                                                         ; 63    ; 80             ; 0            ; 80             ; 59     ; 80              ; 80            ; 80              ; 0     ; 0              ; 0            ; 0                ; 0                 ;
; u0|sdram_s1_translator_avalon_universal_slave_0_agent_rsp_fifo|sdram_s1_translator_avalon_universal_slave_0_agent_rsp_fifo                                                               ; 132   ; 76             ; 0            ; 76             ; 128    ; 76              ; 76            ; 76              ; 0     ; 0              ; 0            ; 0                ; 0                 ;
; u0|sdram_s1_translator_avalon_universal_slave_0_agent_rsp_fifo                                                                                                                           ; 132   ; 76             ; 0            ; 76             ; 128    ; 76              ; 76            ; 76              ; 0     ; 0              ; 0            ; 0                ; 0                 ;
; u0|sdram_s1_translator_avalon_universal_slave_0_agent|sdram_s1_translator_avalon_universal_slave_0_agent|uncompressor                                                                    ; 45    ; 1              ; 0            ; 1              ; 43     ; 1               ; 1             ; 1               ; 0     ; 0              ; 0            ; 0                ; 0                 ;
; u0|sdram_s1_translator_avalon_universal_slave_0_agent|sdram_s1_translator_avalon_universal_slave_0_agent                                                                                 ; 237   ; 23             ; 34           ; 23             ; 255    ; 23              ; 23            ; 23              ; 0     ; 0              ; 0            ; 0                ; 0                 ;
; u0|sdram_s1_translator_avalon_universal_slave_0_agent                                                                                                                                    ; 237   ; 4              ; 0            ; 4              ; 255    ; 4               ; 4             ; 4               ; 0     ; 0              ; 0            ; 0                ; 0                 ;
; u0|cpu_jtag_debug_module_translator_avalon_universal_slave_0_agent_rsp_fifo|cpu_jtag_debug_module_translator_avalon_universal_slave_0_agent_rsp_fifo                                     ; 150   ; 76             ; 0            ; 76             ; 146    ; 76              ; 76            ; 76              ; 0     ; 0              ; 0            ; 0                ; 0                 ;
; u0|cpu_jtag_debug_module_translator_avalon_universal_slave_0_agent_rsp_fifo                                                                                                              ; 150   ; 76             ; 0            ; 76             ; 146    ; 76              ; 76            ; 76              ; 0     ; 0              ; 0            ; 0                ; 0                 ;
; u0|cpu_jtag_debug_module_translator_avalon_universal_slave_0_agent|cpu_jtag_debug_module_translator_avalon_universal_slave_0_agent|uncompressor                                          ; 45    ; 1              ; 0            ; 1              ; 43     ; 1               ; 1             ; 1               ; 0     ; 0              ; 0            ; 0                ; 0                 ;
; u0|cpu_jtag_debug_module_translator_avalon_universal_slave_0_agent|cpu_jtag_debug_module_translator_avalon_universal_slave_0_agent                                                       ; 305   ; 40             ; 50           ; 40             ; 326    ; 40              ; 40            ; 40              ; 0     ; 0              ; 0            ; 0                ; 0                 ;
; u0|cpu_jtag_debug_module_translator_avalon_universal_slave_0_agent                                                                                                                       ; 305   ; 4              ; 0            ; 4              ; 326    ; 4               ; 4             ; 4               ; 0     ; 0              ; 0            ; 0                ; 0                 ;
; u0|cpu_data_master_translator_avalon_universal_master_0_agent|cpu_instruction_master_translator_avalon_universal_master_0_agent                                                          ; 196   ; 40             ; 88           ; 40             ; 145    ; 40              ; 40            ; 40              ; 0     ; 0              ; 0            ; 0                ; 0                 ;
; u0|cpu_data_master_translator_avalon_universal_master_0_agent                                                                                                                            ; 196   ; 4              ; 0            ; 4              ; 145    ; 4               ; 4             ; 4               ; 0     ; 0              ; 0            ; 0                ; 0                 ;
; u0|cpu_instruction_master_translator_avalon_universal_master_0_agent|cpu_instruction_master_translator_avalon_universal_master_0_agent                                                   ; 196   ; 40             ; 88           ; 40             ; 145    ; 40              ; 40            ; 40              ; 0     ; 0              ; 0            ; 0                ; 0                 ;
; u0|cpu_instruction_master_translator_avalon_universal_master_0_agent                                                                                                                     ; 196   ; 4              ; 0            ; 4              ; 145    ; 4               ; 4             ; 4               ; 0     ; 0              ; 0            ; 0                ; 0                 ;
; u0|reg16_avalon_interface_0_avalon_slave_0_translator|reg16_avalon_interface_0_avalon_slave_0_translator                                                                                 ; 63    ; 21             ; 13           ; 21             ; 53     ; 21              ; 21            ; 21              ; 0     ; 0              ; 0            ; 0                ; 0                 ;
; u0|reg16_avalon_interface_0_avalon_slave_0_translator                                                                                                                                    ; 63    ; 21             ; 0            ; 21             ; 53     ; 21              ; 21            ; 21              ; 0     ; 0              ; 0            ; 0                ; 0                 ;
; u0|onchip_memory2_0_s1_translator|onchip_memory2_0_s1_translator                                                                                                                         ; 98    ; 23             ; 4            ; 23             ; 98     ; 23              ; 23            ; 23              ; 0     ; 0              ; 0            ; 0                ; 0                 ;
; u0|onchip_memory2_0_s1_translator                                                                                                                                                        ; 98    ; 22             ; 0            ; 22             ; 98     ; 22              ; 22            ; 22              ; 0     ; 0              ; 0            ; 0                ; 0                 ;
; u0|nios2_qsys_0_jtag_debug_module_translator|nios2_qsys_0_jtag_debug_module_translator                                                                                                   ; 98    ; 21             ; 5            ; 21             ; 97     ; 21              ; 21            ; 21              ; 0     ; 0              ; 0            ; 0                ; 0                 ;
; u0|nios2_qsys_0_jtag_debug_module_translator                                                                                                                                             ; 98    ; 21             ; 0            ; 21             ; 97     ; 21              ; 21            ; 21              ; 0     ; 0              ; 0            ; 0                ; 0                 ;
; u0|nios2_qsys_0_data_master_translator|nios2_qsys_0_data_master_translator                                                                                                               ; 99    ; 19             ; 0            ; 19             ; 96     ; 19              ; 19            ; 19              ; 0     ; 0              ; 0            ; 0                ; 0                 ;
; u0|nios2_qsys_0_data_master_translator                                                                                                                                                   ; 99    ; 16             ; 0            ; 16             ; 96     ; 16              ; 16            ; 16              ; 0     ; 0              ; 0            ; 0                ; 0                 ;
; u0|nios2_qsys_0_instruction_master_translator|nios2_qsys_0_instruction_master_translator                                                                                                 ; 99    ; 58             ; 0            ; 58             ; 96     ; 58              ; 58            ; 58              ; 0     ; 0              ; 0            ; 0                ; 0                 ;
; u0|nios2_qsys_0_instruction_master_translator                                                                                                                                            ; 99    ; 54             ; 0            ; 54             ; 96     ; 54              ; 54            ; 54              ; 0     ; 0              ; 0            ; 0                ; 0                 ;
; u0|serial_port_avalon_rs232_slave_translator|serial_port_avalon_rs232_slave_translator                                                                                                   ; 113   ; 22             ; 28           ; 22             ; 89     ; 22              ; 22            ; 22              ; 0     ; 0              ; 0            ; 0                ; 0                 ;
; u0|serial_port_avalon_rs232_slave_translator                                                                                                                                             ; 113   ; 22             ; 0            ; 22             ; 89     ; 22              ; 22            ; 22              ; 0     ; 0              ; 0            ; 0                ; 0                 ;
; u0|expansion_jp2_avalon_parallel_port_slave_translator|red_leds_avalon_parallel_port_slave_translator                                                                                    ; 113   ; 22             ; 27           ; 22             ; 90     ; 22              ; 22            ; 22              ; 0     ; 0              ; 0            ; 0                ; 0                 ;
; u0|expansion_jp2_avalon_parallel_port_slave_translator                                                                                                                                   ; 113   ; 22             ; 0            ; 22             ; 90     ; 22              ; 22            ; 22              ; 0     ; 0              ; 0            ; 0                ; 0                 ;
; u0|expansion_jp1_avalon_parallel_port_slave_translator|red_leds_avalon_parallel_port_slave_translator                                                                                    ; 113   ; 22             ; 27           ; 22             ; 90     ; 22              ; 22            ; 22              ; 0     ; 0              ; 0            ; 0                ; 0                 ;
; u0|expansion_jp1_avalon_parallel_port_slave_translator                                                                                                                                   ; 113   ; 22             ; 0            ; 22             ; 90     ; 22              ; 22            ; 22              ; 0     ; 0              ; 0            ; 0                ; 0                 ;
; u0|pushbuttons_avalon_parallel_port_slave_translator|red_leds_avalon_parallel_port_slave_translator                                                                                      ; 113   ; 22             ; 27           ; 22             ; 90     ; 22              ; 22            ; 22              ; 0     ; 0              ; 0            ; 0                ; 0                 ;
; u0|pushbuttons_avalon_parallel_port_slave_translator                                                                                                                                     ; 113   ; 22             ; 0            ; 22             ; 90     ; 22              ; 22            ; 22              ; 0     ; 0              ; 0            ; 0                ; 0                 ;
; u0|slider_switches_avalon_parallel_port_slave_translator|red_leds_avalon_parallel_port_slave_translator                                                                                  ; 113   ; 22             ; 27           ; 22             ; 90     ; 22              ; 22            ; 22              ; 0     ; 0              ; 0            ; 0                ; 0                 ;
; u0|slider_switches_avalon_parallel_port_slave_translator                                                                                                                                 ; 113   ; 22             ; 0            ; 22             ; 90     ; 22              ; 22            ; 22              ; 0     ; 0              ; 0            ; 0                ; 0                 ;
; u0|hex3_hex0_avalon_parallel_port_slave_translator|red_leds_avalon_parallel_port_slave_translator                                                                                        ; 113   ; 22             ; 27           ; 22             ; 90     ; 22              ; 22            ; 22              ; 0     ; 0              ; 0            ; 0                ; 0                 ;
; u0|hex3_hex0_avalon_parallel_port_slave_translator                                                                                                                                       ; 113   ; 22             ; 0            ; 22             ; 90     ; 22              ; 22            ; 22              ; 0     ; 0              ; 0            ; 0                ; 0                 ;
; u0|green_leds_avalon_parallel_port_slave_translator|red_leds_avalon_parallel_port_slave_translator                                                                                       ; 113   ; 22             ; 27           ; 22             ; 90     ; 22              ; 22            ; 22              ; 0     ; 0              ; 0            ; 0                ; 0                 ;
; u0|green_leds_avalon_parallel_port_slave_translator                                                                                                                                      ; 113   ; 22             ; 0            ; 22             ; 90     ; 22              ; 22            ; 22              ; 0     ; 0              ; 0            ; 0                ; 0                 ;
; u0|red_leds_avalon_parallel_port_slave_translator|red_leds_avalon_parallel_port_slave_translator                                                                                         ; 113   ; 22             ; 27           ; 22             ; 90     ; 22              ; 22            ; 22              ; 0     ; 0              ; 0            ; 0                ; 0                 ;
; u0|red_leds_avalon_parallel_port_slave_translator                                                                                                                                        ; 113   ; 22             ; 0            ; 22             ; 90     ; 22              ; 22            ; 22              ; 0     ; 0              ; 0            ; 0                ; 0                 ;
; u0|interval_timer_s1_translator|interval_timer_s1_translator                                                                                                                             ; 97    ; 37             ; 45           ; 37             ; 69     ; 37              ; 37            ; 37              ; 0     ; 0              ; 0            ; 0                ; 0                 ;
; u0|interval_timer_s1_translator                                                                                                                                                          ; 97    ; 21             ; 0            ; 21             ; 69     ; 21              ; 21            ; 21              ; 0     ; 0              ; 0            ; 0                ; 0                 ;
; u0|jtag_uart_avalon_jtag_slave_translator|jtag_uart_avalon_jtag_slave_translator                                                                                                         ; 113   ; 19             ; 31           ; 19             ; 83     ; 19              ; 19            ; 19              ; 0     ; 0              ; 0            ; 0                ; 0                 ;
; u0|jtag_uart_avalon_jtag_slave_translator                                                                                                                                                ; 113   ; 19             ; 0            ; 19             ; 83     ; 19              ; 19            ; 19              ; 0     ; 0              ; 0            ; 0                ; 0                 ;
; u0|sram_avalon_sram_slave_translator|sram_avalon_sram_slave_translator                                                                                                                   ; 78    ; 20             ; 11           ; 20             ; 70     ; 20              ; 20            ; 20              ; 0     ; 0              ; 0            ; 0                ; 0                 ;
; u0|sram_avalon_sram_slave_translator                                                                                                                                                     ; 78    ; 20             ; 0            ; 20             ; 70     ; 20              ; 20            ; 20              ; 0     ; 0              ; 0            ; 0                ; 0                 ;
; u0|sdram_s1_translator|sdram_s1_translator                                                                                                                                               ; 78    ; 18             ; 7            ; 18             ; 74     ; 18              ; 18            ; 18              ; 0     ; 0              ; 0            ; 0                ; 0                 ;
; u0|sdram_s1_translator                                                                                                                                                                   ; 78    ; 18             ; 0            ; 18             ; 74     ; 18              ; 18            ; 18              ; 0     ; 0              ; 0            ; 0                ; 0                 ;
; u0|cpu_jtag_debug_module_translator|cpu_jtag_debug_module_translator                                                                                                                     ; 113   ; 21             ; 20           ; 21             ; 97     ; 21              ; 21            ; 21              ; 0     ; 0              ; 0            ; 0                ; 0                 ;
; u0|cpu_jtag_debug_module_translator                                                                                                                                                      ; 113   ; 21             ; 0            ; 21             ; 97     ; 21              ; 21            ; 21              ; 0     ; 0              ; 0            ; 0                ; 0                 ;
; u0|cpu_data_master_translator|cpu_data_master_translator                                                                                                                                 ; 114   ; 19             ; 0            ; 19             ; 111    ; 19              ; 19            ; 19              ; 0     ; 0              ; 0            ; 0                ; 0                 ;
; u0|cpu_data_master_translator                                                                                                                                                            ; 114   ; 16             ; 0            ; 16             ; 111    ; 16              ; 16            ; 16              ; 0     ; 0              ; 0            ; 0                ; 0                 ;
; u0|cpu_instruction_master_translator|cpu_instruction_master_translator                                                                                                                   ; 113   ; 59             ; 0            ; 59             ; 111    ; 59              ; 59            ; 59              ; 0     ; 0              ; 0            ; 0                ; 0                 ;
; u0|cpu_instruction_master_translator                                                                                                                                                     ; 113   ; 54             ; 0            ; 54             ; 111    ; 54              ; 54            ; 54              ; 0     ; 0              ; 0            ; 0                ; 0                 ;
; u0|reg16_avalon_interface_0|reg_instance                                                                                                                                                 ; 20    ; 0              ; 0            ; 0              ; 16     ; 0               ; 0             ; 0               ; 0     ; 0              ; 0            ; 0                ; 0                 ;
; u0|reg16_avalon_interface_0                                                                                                                                                              ; 23    ; 0              ; 1            ; 0              ; 32     ; 0               ; 0             ; 0               ; 0     ; 0              ; 0            ; 0                ; 0                 ;
; u0|nios2_qsys_0|the_nios_system_nios2_qsys_0_nios2_oci|the_nios_system_nios2_qsys_0_jtag_debug_module_wrapper|the_nios_system_nios2_qsys_0_jtag_debug_module_sysclk                      ; 43    ; 0              ; 0            ; 0              ; 51     ; 0               ; 0             ; 0               ; 0     ; 0              ; 0            ; 0                ; 0                 ;
; u0|nios2_qsys_0|the_nios_system_nios2_qsys_0_nios2_oci|the_nios_system_nios2_qsys_0_jtag_debug_module_wrapper|the_nios_system_nios2_qsys_0_jtag_debug_module_tck                         ; 130   ; 0              ; 1            ; 0              ; 43     ; 0               ; 0             ; 0               ; 0     ; 0              ; 0            ; 0                ; 0                 ;
; u0|nios2_qsys_0|the_nios_system_nios2_qsys_0_nios2_oci|the_nios_system_nios2_qsys_0_jtag_debug_module_wrapper                                                                            ; 123   ; 0              ; 0            ; 0              ; 53     ; 0               ; 0             ; 0               ; 0     ; 0              ; 0            ; 0                ; 0                 ;
; u0|nios2_qsys_0|the_nios_system_nios2_qsys_0_nios2_oci|the_nios_system_nios2_qsys_0_nios2_oci_im                                                                                         ; 97    ; 36             ; 93           ; 36             ; 48     ; 36              ; 36            ; 36              ; 0     ; 0              ; 0            ; 0                ; 0                 ;
; u0|nios2_qsys_0|the_nios_system_nios2_qsys_0_nios2_oci|the_nios_system_nios2_qsys_0_nios2_oci_pib                                                                                        ; 39    ; 20             ; 38           ; 20             ; 19     ; 20              ; 20            ; 20              ; 0     ; 0              ; 0            ; 0                ; 0                 ;
; u0|nios2_qsys_0|the_nios_system_nios2_qsys_0_nios2_oci|the_nios_system_nios2_qsys_0_nios2_oci_fifo|the_nios_system_nios2_qsys_0_oci_test_bench                                           ; 36    ; 0              ; 36           ; 0              ; 0      ; 0               ; 0             ; 0               ; 0     ; 0              ; 0            ; 0                ; 0                 ;
; u0|nios2_qsys_0|the_nios_system_nios2_qsys_0_nios2_oci|the_nios_system_nios2_qsys_0_nios2_oci_fifo|nios_system_nios2_qsys_0_nios2_oci_fifocount_inc_fifocount                            ; 5     ; 0              ; 0            ; 0              ; 5      ; 0               ; 0             ; 0               ; 0     ; 0              ; 0            ; 0                ; 0                 ;
; u0|nios2_qsys_0|the_nios_system_nios2_qsys_0_nios2_oci|the_nios_system_nios2_qsys_0_nios2_oci_fifo|nios_system_nios2_qsys_0_nios2_oci_fifowp_inc_fifowp                                  ; 4     ; 2              ; 0            ; 2              ; 4      ; 2               ; 2             ; 2               ; 0     ; 0              ; 0            ; 0                ; 0                 ;
; u0|nios2_qsys_0|the_nios_system_nios2_qsys_0_nios2_oci|the_nios_system_nios2_qsys_0_nios2_oci_fifo|nios_system_nios2_qsys_0_nios2_oci_compute_tm_count_tm_count                          ; 3     ; 0              ; 0            ; 0              ; 2      ; 0               ; 0             ; 0               ; 0     ; 0              ; 0            ; 0                ; 0                 ;
; u0|nios2_qsys_0|the_nios_system_nios2_qsys_0_nios2_oci|the_nios_system_nios2_qsys_0_nios2_oci_fifo                                                                                       ; 151   ; 0              ; 65           ; 0              ; 36     ; 0               ; 0             ; 0               ; 0     ; 0              ; 0            ; 0                ; 0                 ;
; u0|nios2_qsys_0|the_nios_system_nios2_qsys_0_nios2_oci|the_nios_system_nios2_qsys_0_nios2_oci_dtrace|nios_system_nios2_qsys_0_nios2_oci_trc_ctrl_td_mode                                 ; 9     ; 0              ; 6            ; 0              ; 4      ; 0               ; 0             ; 0               ; 0     ; 0              ; 0            ; 0                ; 0                 ;
; u0|nios2_qsys_0|the_nios_system_nios2_qsys_0_nios2_oci|the_nios_system_nios2_qsys_0_nios2_oci_dtrace                                                                                     ; 99    ; 0              ; 88           ; 0              ; 72     ; 0               ; 0             ; 0               ; 0     ; 0              ; 0            ; 0                ; 0                 ;
; u0|nios2_qsys_0|the_nios_system_nios2_qsys_0_nios2_oci|the_nios_system_nios2_qsys_0_nios2_oci_itrace                                                                                     ; 25    ; 17             ; 23           ; 17             ; 87     ; 17              ; 17            ; 17              ; 0     ; 0              ; 0            ; 0                ; 0                 ;
; u0|nios2_qsys_0|the_nios_system_nios2_qsys_0_nios2_oci|the_nios_system_nios2_qsys_0_nios2_oci_dbrk                                                                                       ; 84    ; 0              ; 0            ; 0              ; 88     ; 0               ; 0             ; 0               ; 0     ; 0              ; 0            ; 0                ; 0                 ;
; u0|nios2_qsys_0|the_nios_system_nios2_qsys_0_nios2_oci|the_nios_system_nios2_qsys_0_nios2_oci_xbrk                                                                                       ; 50    ; 5              ; 47           ; 5              ; 6      ; 5               ; 5             ; 5               ; 0     ; 0              ; 0            ; 0                ; 0                 ;
; u0|nios2_qsys_0|the_nios_system_nios2_qsys_0_nios2_oci|the_nios_system_nios2_qsys_0_nios2_oci_break                                                                                      ; 52    ; 36             ; 6            ; 36             ; 71     ; 36              ; 36            ; 36              ; 0     ; 0              ; 0            ; 0                ; 0                 ;
; u0|nios2_qsys_0|the_nios_system_nios2_qsys_0_nios2_oci|the_nios_system_nios2_qsys_0_nios2_avalon_reg                                                                                     ; 48    ; 0              ; 29           ; 0              ; 68     ; 0               ; 0             ; 0               ; 0     ; 0              ; 0            ; 0                ; 0                 ;
; u0|nios2_qsys_0|the_nios_system_nios2_qsys_0_nios2_oci|the_nios_system_nios2_qsys_0_nios2_ocimem|nios_system_nios2_qsys_0_ociram_sp_ram|the_altsyncram|auto_generated                    ; 46    ; 0              ; 0            ; 0              ; 32     ; 0               ; 0             ; 0               ; 0     ; 0              ; 0            ; 0                ; 0                 ;
; u0|nios2_qsys_0|the_nios_system_nios2_qsys_0_nios2_oci|the_nios_system_nios2_qsys_0_nios2_ocimem|nios_system_nios2_qsys_0_ociram_sp_ram                                                  ; 46    ; 0              ; 0            ; 0              ; 32     ; 0               ; 0             ; 0               ; 0     ; 0              ; 0            ; 0                ; 0                 ;
; u0|nios2_qsys_0|the_nios_system_nios2_qsys_0_nios2_oci|the_nios_system_nios2_qsys_0_nios2_ocimem                                                                                         ; 91    ; 0              ; 6            ; 0              ; 65     ; 0               ; 0             ; 0               ; 0     ; 0              ; 0            ; 0                ; 0                 ;
; u0|nios2_qsys_0|the_nios_system_nios2_qsys_0_nios2_oci|the_nios_system_nios2_qsys_0_nios2_oci_debug                                                                                      ; 50    ; 1              ; 30           ; 1              ; 7      ; 1               ; 1             ; 1               ; 0     ; 0              ; 0            ; 0                ; 0                 ;
; u0|nios2_qsys_0|the_nios_system_nios2_qsys_0_nios2_oci                                                                                                                                   ; 149   ; 0              ; 0            ; 0              ; 69     ; 0               ; 0             ; 0               ; 0     ; 0              ; 0            ; 0                ; 0                 ;
; u0|nios2_qsys_0|nios_system_nios2_qsys_0_register_bank_b|the_altsyncram|auto_generated                                                                                                   ; 44    ; 0              ; 0            ; 0              ; 32     ; 0               ; 0             ; 0               ; 0     ; 0              ; 0            ; 0                ; 0                 ;
; u0|nios2_qsys_0|nios_system_nios2_qsys_0_register_bank_b                                                                                                                                 ; 44    ; 0              ; 0            ; 0              ; 32     ; 0               ; 0             ; 0               ; 0     ; 0              ; 0            ; 0                ; 0                 ;
; u0|nios2_qsys_0|nios_system_nios2_qsys_0_register_bank_a|the_altsyncram|auto_generated                                                                                                   ; 44    ; 0              ; 0            ; 0              ; 32     ; 0               ; 0             ; 0               ; 0     ; 0              ; 0            ; 0                ; 0                 ;
; u0|nios2_qsys_0|nios_system_nios2_qsys_0_register_bank_a                                                                                                                                 ; 44    ; 0              ; 0            ; 0              ; 32     ; 0               ; 0             ; 0               ; 0     ; 0              ; 0            ; 0                ; 0                 ;
; u0|nios2_qsys_0|the_nios_system_nios2_qsys_0_test_bench                                                                                                                                  ; 260   ; 3              ; 223          ; 3              ; 34     ; 3               ; 3             ; 3               ; 0     ; 0              ; 0            ; 0                ; 0                 ;
; u0|nios2_qsys_0                                                                                                                                                                          ; 148   ; 1              ; 32           ; 1              ; 103    ; 1               ; 1             ; 1               ; 0     ; 0              ; 0            ; 0                ; 0                 ;
; u0|onchip_memory2_0|the_altsyncram|auto_generated                                                                                                                                        ; 49    ; 0              ; 0            ; 0              ; 32     ; 0               ; 0             ; 0               ; 0     ; 0              ; 0            ; 0                ; 0                 ;
; u0|onchip_memory2_0                                                                                                                                                                      ; 52    ; 0              ; 1            ; 0              ; 32     ; 0               ; 0             ; 0               ; 0     ; 0              ; 0            ; 0                ; 0                 ;
; u0|cpu|the_nios_system_cpu_nios2_oci|the_nios_system_cpu_jtag_debug_module_wrapper|the_nios_system_cpu_jtag_debug_module_sysclk                                                          ; 43    ; 0              ; 0            ; 0              ; 51     ; 0               ; 0             ; 0               ; 0     ; 0              ; 0            ; 0                ; 0                 ;
; u0|cpu|the_nios_system_cpu_nios2_oci|the_nios_system_cpu_jtag_debug_module_wrapper|the_nios_system_cpu_jtag_debug_module_tck                                                             ; 130   ; 0              ; 1            ; 0              ; 43     ; 0               ; 0             ; 0               ; 0     ; 0              ; 0            ; 0                ; 0                 ;
; u0|cpu|the_nios_system_cpu_nios2_oci|the_nios_system_cpu_jtag_debug_module_wrapper                                                                                                       ; 123   ; 0              ; 0            ; 0              ; 53     ; 0               ; 0             ; 0               ; 0     ; 0              ; 0            ; 0                ; 0                 ;
; u0|cpu|the_nios_system_cpu_nios2_oci|the_nios_system_cpu_nios2_oci_im                                                                                                                    ; 97    ; 36             ; 93           ; 36             ; 48     ; 36              ; 36            ; 36              ; 0     ; 0              ; 0            ; 0                ; 0                 ;
; u0|cpu|the_nios_system_cpu_nios2_oci|the_nios_system_cpu_nios2_oci_pib                                                                                                                   ; 39    ; 20             ; 38           ; 20             ; 19     ; 20              ; 20            ; 20              ; 0     ; 0              ; 0            ; 0                ; 0                 ;
; u0|cpu|the_nios_system_cpu_nios2_oci|the_nios_system_cpu_nios2_oci_fifo|the_nios_system_cpu_oci_test_bench                                                                               ; 36    ; 0              ; 36           ; 0              ; 0      ; 0               ; 0             ; 0               ; 0     ; 0              ; 0            ; 0                ; 0                 ;
; u0|cpu|the_nios_system_cpu_nios2_oci|the_nios_system_cpu_nios2_oci_fifo|nios_system_cpu_nios2_oci_fifocount_inc_fifocount                                                                ; 5     ; 0              ; 0            ; 0              ; 5      ; 0               ; 0             ; 0               ; 0     ; 0              ; 0            ; 0                ; 0                 ;
; u0|cpu|the_nios_system_cpu_nios2_oci|the_nios_system_cpu_nios2_oci_fifo|nios_system_cpu_nios2_oci_fifowp_inc_fifowp                                                                      ; 4     ; 2              ; 0            ; 2              ; 4      ; 2               ; 2             ; 2               ; 0     ; 0              ; 0            ; 0                ; 0                 ;
; u0|cpu|the_nios_system_cpu_nios2_oci|the_nios_system_cpu_nios2_oci_fifo|nios_system_cpu_nios2_oci_compute_tm_count_tm_count                                                              ; 3     ; 0              ; 0            ; 0              ; 2      ; 0               ; 0             ; 0               ; 0     ; 0              ; 0            ; 0                ; 0                 ;
; u0|cpu|the_nios_system_cpu_nios2_oci|the_nios_system_cpu_nios2_oci_fifo                                                                                                                  ; 151   ; 0              ; 65           ; 0              ; 36     ; 0               ; 0             ; 0               ; 0     ; 0              ; 0            ; 0                ; 0                 ;
; u0|cpu|the_nios_system_cpu_nios2_oci|the_nios_system_cpu_nios2_oci_dtrace|nios_system_cpu_nios2_oci_trc_ctrl_td_mode                                                                     ; 9     ; 0              ; 6            ; 0              ; 4      ; 0               ; 0             ; 0               ; 0     ; 0              ; 0            ; 0                ; 0                 ;
; u0|cpu|the_nios_system_cpu_nios2_oci|the_nios_system_cpu_nios2_oci_dtrace                                                                                                                ; 114   ; 0              ; 103          ; 0              ; 72     ; 0               ; 0             ; 0               ; 0     ; 0              ; 0            ; 0                ; 0                 ;
; u0|cpu|the_nios_system_cpu_nios2_oci|the_nios_system_cpu_nios2_oci_itrace                                                                                                                ; 25    ; 17             ; 23           ; 17             ; 87     ; 17              ; 17            ; 17              ; 0     ; 0              ; 0            ; 0                ; 0                 ;
; u0|cpu|the_nios_system_cpu_nios2_oci|the_nios_system_cpu_nios2_oci_dbrk                                                                                                                  ; 99    ; 0              ; 0            ; 0              ; 103    ; 0               ; 0             ; 0               ; 0     ; 0              ; 0            ; 0                ; 0                 ;
; u0|cpu|the_nios_system_cpu_nios2_oci|the_nios_system_cpu_nios2_oci_xbrk                                                                                                                  ; 64    ; 5              ; 61           ; 5              ; 6      ; 5               ; 5             ; 5               ; 0     ; 0              ; 0            ; 0                ; 0                 ;
; u0|cpu|the_nios_system_cpu_nios2_oci|the_nios_system_cpu_nios2_oci_break                                                                                                                 ; 52    ; 36             ; 6            ; 36             ; 71     ; 36              ; 36            ; 36              ; 0     ; 0              ; 0            ; 0                ; 0                 ;
; u0|cpu|the_nios_system_cpu_nios2_oci|the_nios_system_cpu_nios2_avalon_reg                                                                                                                ; 48    ; 0              ; 25           ; 0              ; 68     ; 0               ; 0             ; 0               ; 0     ; 0              ; 0            ; 0                ; 0                 ;
; u0|cpu|the_nios_system_cpu_nios2_oci|the_nios_system_cpu_nios2_ocimem|nios_system_cpu_ociram_sp_ram|the_altsyncram|auto_generated                                                        ; 46    ; 0              ; 0            ; 0              ; 32     ; 0               ; 0             ; 0               ; 0     ; 0              ; 0            ; 0                ; 0                 ;
; u0|cpu|the_nios_system_cpu_nios2_oci|the_nios_system_cpu_nios2_ocimem|nios_system_cpu_ociram_sp_ram                                                                                      ; 46    ; 0              ; 0            ; 0              ; 32     ; 0               ; 0             ; 0               ; 0     ; 0              ; 0            ; 0                ; 0                 ;
; u0|cpu|the_nios_system_cpu_nios2_oci|the_nios_system_cpu_nios2_ocimem                                                                                                                    ; 91    ; 0              ; 6            ; 0              ; 65     ; 0               ; 0             ; 0               ; 0     ; 0              ; 0            ; 0                ; 0                 ;
; u0|cpu|the_nios_system_cpu_nios2_oci|the_nios_system_cpu_nios2_oci_debug                                                                                                                 ; 50    ; 1              ; 30           ; 1              ; 7      ; 1               ; 1             ; 1               ; 0     ; 0              ; 0            ; 0                ; 0                 ;
; u0|cpu|the_nios_system_cpu_nios2_oci                                                                                                                                                     ; 178   ; 0              ; 0            ; 0              ; 69     ; 0               ; 0             ; 0               ; 0     ; 0              ; 0            ; 0                ; 0                 ;
; u0|cpu|nios_system_cpu_register_bank_b|the_altsyncram|auto_generated                                                                                                                     ; 44    ; 0              ; 0            ; 0              ; 32     ; 0               ; 0             ; 0               ; 0     ; 0              ; 0            ; 0                ; 0                 ;
; u0|cpu|nios_system_cpu_register_bank_b                                                                                                                                                   ; 44    ; 0              ; 0            ; 0              ; 32     ; 0               ; 0             ; 0               ; 0     ; 0              ; 0            ; 0                ; 0                 ;
; u0|cpu|nios_system_cpu_register_bank_a|the_altsyncram|auto_generated                                                                                                                     ; 44    ; 0              ; 0            ; 0              ; 32     ; 0               ; 0             ; 0               ; 0     ; 0              ; 0            ; 0                ; 0                 ;
; u0|cpu|nios_system_cpu_register_bank_a                                                                                                                                                   ; 44    ; 0              ; 0            ; 0              ; 32     ; 0               ; 0             ; 0               ; 0     ; 0              ; 0            ; 0                ; 0                 ;
; u0|cpu|the_nios_system_cpu_test_bench                                                                                                                                                    ; 303   ; 3              ; 266          ; 3              ; 34     ; 3               ; 3             ; 3               ; 0     ; 0              ; 0            ; 0                ; 0                 ;
; u0|cpu                                                                                                                                                                                   ; 148   ; 1              ; 26           ; 1              ; 132    ; 1               ; 1             ; 1               ; 0     ; 0              ; 0            ; 0                ; 0                 ;
; u0|sram                                                                                                                                                                                  ; 40    ; 0              ; 0            ; 0              ; 40     ; 0               ; 0             ; 0               ; 16    ; 0              ; 0            ; 0                ; 0                 ;
; u0|serial_port|RS232_Out_Serializer|RS232_Out_FIFO|Sync_FIFO|auto_generated|dpfifo|wr_ptr                                                                                                ; 3     ; 0              ; 0            ; 0              ; 7      ; 0               ; 0             ; 0               ; 0     ; 0              ; 0            ; 0                ; 0                 ;
; u0|serial_port|RS232_Out_Serializer|RS232_Out_FIFO|Sync_FIFO|auto_generated|dpfifo|usedw_counter                                                                                         ; 4     ; 0              ; 0            ; 0              ; 7      ; 0               ; 0             ; 0               ; 0     ; 0              ; 0            ; 0                ; 0                 ;
; u0|serial_port|RS232_Out_Serializer|RS232_Out_FIFO|Sync_FIFO|auto_generated|dpfifo|rd_ptr_msb                                                                                            ; 3     ; 0              ; 0            ; 0              ; 6      ; 0               ; 0             ; 0               ; 0     ; 0              ; 0            ; 0                ; 0                 ;
; u0|serial_port|RS232_Out_Serializer|RS232_Out_FIFO|Sync_FIFO|auto_generated|dpfifo|three_comparison                                                                                      ; 14    ; 7              ; 0            ; 7              ; 1      ; 7               ; 7             ; 7               ; 0     ; 0              ; 0            ; 0                ; 0                 ;
; u0|serial_port|RS232_Out_Serializer|RS232_Out_FIFO|Sync_FIFO|auto_generated|dpfifo|almost_full_comparer                                                                                  ; 14    ; 7              ; 0            ; 7              ; 1      ; 7               ; 7             ; 7               ; 0     ; 0              ; 0            ; 0                ; 0                 ;
; u0|serial_port|RS232_Out_Serializer|RS232_Out_FIFO|Sync_FIFO|auto_generated|dpfifo|FIFOram                                                                                               ; 25    ; 0              ; 0            ; 0              ; 9      ; 0               ; 0             ; 0               ; 0     ; 0              ; 0            ; 0                ; 0                 ;
; u0|serial_port|RS232_Out_Serializer|RS232_Out_FIFO|Sync_FIFO|auto_generated|dpfifo                                                                                                       ; 13    ; 0              ; 0            ; 0              ; 18     ; 0               ; 0             ; 0               ; 0     ; 0              ; 0            ; 0                ; 0                 ;
; u0|serial_port|RS232_Out_Serializer|RS232_Out_FIFO|Sync_FIFO|auto_generated                                                                                                              ; 13    ; 0              ; 0            ; 0              ; 18     ; 0               ; 0             ; 0               ; 0     ; 0              ; 0            ; 0                ; 0                 ;
; u0|serial_port|RS232_Out_Serializer|RS232_Out_FIFO                                                                                                                                       ; 13    ; 0              ; 0            ; 0              ; 18     ; 0               ; 0             ; 0               ; 0     ; 0              ; 0            ; 0                ; 0                 ;
; u0|serial_port|RS232_Out_Serializer|RS232_Out_Counters                                                                                                                                   ; 3     ; 0              ; 0            ; 0              ; 2      ; 0               ; 0             ; 0               ; 0     ; 0              ; 0            ; 0                ; 0                 ;
; u0|serial_port|RS232_Out_Serializer                                                                                                                                                      ; 12    ; 0              ; 0            ; 0              ; 9      ; 0               ; 0             ; 0               ; 0     ; 0              ; 0            ; 0                ; 0                 ;
; u0|serial_port|RS232_In_Deserializer|RS232_In_FIFO|Sync_FIFO|auto_generated|dpfifo|wr_ptr                                                                                                ; 3     ; 0              ; 0            ; 0              ; 7      ; 0               ; 0             ; 0               ; 0     ; 0              ; 0            ; 0                ; 0                 ;
; u0|serial_port|RS232_In_Deserializer|RS232_In_FIFO|Sync_FIFO|auto_generated|dpfifo|usedw_counter                                                                                         ; 4     ; 0              ; 0            ; 0              ; 7      ; 0               ; 0             ; 0               ; 0     ; 0              ; 0            ; 0                ; 0                 ;
; u0|serial_port|RS232_In_Deserializer|RS232_In_FIFO|Sync_FIFO|auto_generated|dpfifo|rd_ptr_msb                                                                                            ; 3     ; 0              ; 0            ; 0              ; 6      ; 0               ; 0             ; 0               ; 0     ; 0              ; 0            ; 0                ; 0                 ;
; u0|serial_port|RS232_In_Deserializer|RS232_In_FIFO|Sync_FIFO|auto_generated|dpfifo|three_comparison                                                                                      ; 14    ; 7              ; 0            ; 7              ; 1      ; 7               ; 7             ; 7               ; 0     ; 0              ; 0            ; 0                ; 0                 ;
; u0|serial_port|RS232_In_Deserializer|RS232_In_FIFO|Sync_FIFO|auto_generated|dpfifo|almost_full_comparer                                                                                  ; 14    ; 7              ; 0            ; 7              ; 1      ; 7               ; 7             ; 7               ; 0     ; 0              ; 0            ; 0                ; 0                 ;
; u0|serial_port|RS232_In_Deserializer|RS232_In_FIFO|Sync_FIFO|auto_generated|dpfifo|FIFOram                                                                                               ; 25    ; 0              ; 0            ; 0              ; 9      ; 0               ; 0             ; 0               ; 0     ; 0              ; 0            ; 0                ; 0                 ;
; u0|serial_port|RS232_In_Deserializer|RS232_In_FIFO|Sync_FIFO|auto_generated|dpfifo                                                                                                       ; 13    ; 0              ; 0            ; 0              ; 18     ; 0               ; 0             ; 0               ; 0     ; 0              ; 0            ; 0                ; 0                 ;
; u0|serial_port|RS232_In_Deserializer|RS232_In_FIFO|Sync_FIFO|auto_generated                                                                                                              ; 13    ; 0              ; 0            ; 0              ; 18     ; 0               ; 0             ; 0               ; 0     ; 0              ; 0            ; 0                ; 0                 ;
; u0|serial_port|RS232_In_Deserializer|RS232_In_FIFO                                                                                                                                       ; 13    ; 0              ; 0            ; 0              ; 18     ; 0               ; 0             ; 0               ; 0     ; 0              ; 0            ; 0                ; 0                 ;
; u0|serial_port|RS232_In_Deserializer|RS232_In_Counters                                                                                                                                   ; 3     ; 0              ; 0            ; 0              ; 2      ; 0               ; 0             ; 0               ; 0     ; 0              ; 0            ; 0                ; 0                 ;
; u0|serial_port|RS232_In_Deserializer                                                                                                                                                     ; 4     ; 0              ; 0            ; 0              ; 18     ; 0               ; 0             ; 0               ; 0     ; 0              ; 0            ; 0                ; 0                 ;
; u0|serial_port                                                                                                                                                                           ; 43    ; 0              ; 27           ; 0              ; 34     ; 0               ; 0             ; 0               ; 0     ; 0              ; 0            ; 0                ; 0                 ;
; u0|expansion_jp2                                                                                                                                                                         ; 43    ; 0              ; 1            ; 0              ; 33     ; 0               ; 0             ; 0               ; 32    ; 0              ; 0            ; 0                ; 0                 ;
; u0|expansion_jp1                                                                                                                                                                         ; 43    ; 0              ; 1            ; 0              ; 33     ; 0               ; 0             ; 0               ; 32    ; 0              ; 0            ; 0                ; 0                 ;
; u0|pushbuttons                                                                                                                                                                           ; 47    ; 0              ; 32           ; 0              ; 33     ; 0               ; 0             ; 0               ; 0     ; 0              ; 0            ; 0                ; 0                 ;
; u0|slider_switches                                                                                                                                                                       ; 53    ; 0              ; 38           ; 0              ; 32     ; 0               ; 0             ; 0               ; 0     ; 0              ; 0            ; 0                ; 0                 ;
; u0|hex3_hex0                                                                                                                                                                             ; 43    ; 0              ; 1            ; 0              ; 60     ; 0               ; 0             ; 0               ; 0     ; 0              ; 0            ; 0                ; 0                 ;
; u0|green_leds                                                                                                                                                                            ; 43    ; 0              ; 28           ; 0              ; 40     ; 0               ; 0             ; 0               ; 0     ; 0              ; 0            ; 0                ; 0                 ;
; u0|red_leds                                                                                                                                                                              ; 43    ; 0              ; 25           ; 0              ; 42     ; 0               ; 0             ; 0               ; 0     ; 0              ; 0            ; 0                ; 0                 ;
; u0|sdram|the_nios_system_sdram_input_efifo_module                                                                                                                                        ; 45    ; 0              ; 0            ; 0              ; 45     ; 0               ; 0             ; 0               ; 0     ; 0              ; 0            ; 0                ; 0                 ;
; u0|sdram                                                                                                                                                                                 ; 45    ; 1              ; 1            ; 1              ; 39     ; 1               ; 1             ; 1               ; 16    ; 0              ; 0            ; 0                ; 0                 ;
; u0|interval_timer                                                                                                                                                                        ; 23    ; 0              ; 0            ; 0              ; 17     ; 0               ; 0             ; 0               ; 0     ; 0              ; 0            ; 0                ; 0                 ;
; u0|jtag_uart|the_nios_system_JTAG_UART_scfifo_r|rfifo|auto_generated|dpfifo|wr_ptr                                                                                                       ; 4     ; 0              ; 0            ; 0              ; 6      ; 0               ; 0             ; 0               ; 0     ; 0              ; 0            ; 0                ; 0                 ;
; u0|jtag_uart|the_nios_system_JTAG_UART_scfifo_r|rfifo|auto_generated|dpfifo|rd_ptr_count                                                                                                 ; 4     ; 0              ; 0            ; 0              ; 6      ; 0               ; 0             ; 0               ; 0     ; 0              ; 0            ; 0                ; 0                 ;
; u0|jtag_uart|the_nios_system_JTAG_UART_scfifo_r|rfifo|auto_generated|dpfifo|FIFOram|altsyncram2                                                                                          ; 24    ; 0              ; 0            ; 0              ; 8      ; 0               ; 0             ; 0               ; 0     ; 0              ; 0            ; 0                ; 0                 ;
; u0|jtag_uart|the_nios_system_JTAG_UART_scfifo_r|rfifo|auto_generated|dpfifo|FIFOram                                                                                                      ; 24    ; 0              ; 0            ; 0              ; 8      ; 0               ; 0             ; 0               ; 0     ; 0              ; 0            ; 0                ; 0                 ;
; u0|jtag_uart|the_nios_system_JTAG_UART_scfifo_r|rfifo|auto_generated|dpfifo|fifo_state|count_usedw                                                                                       ; 5     ; 0              ; 0            ; 0              ; 6      ; 0               ; 0             ; 0               ; 0     ; 0              ; 0            ; 0                ; 0                 ;
; u0|jtag_uart|the_nios_system_JTAG_UART_scfifo_r|rfifo|auto_generated|dpfifo|fifo_state                                                                                                   ; 5     ; 0              ; 0            ; 0              ; 8      ; 0               ; 0             ; 0               ; 0     ; 0              ; 0            ; 0                ; 0                 ;
; u0|jtag_uart|the_nios_system_JTAG_UART_scfifo_r|rfifo|auto_generated|dpfifo                                                                                                              ; 13    ; 0              ; 0            ; 0              ; 16     ; 0               ; 0             ; 0               ; 0     ; 0              ; 0            ; 0                ; 0                 ;
; u0|jtag_uart|the_nios_system_JTAG_UART_scfifo_r|rfifo|auto_generated                                                                                                                     ; 12    ; 0              ; 0            ; 0              ; 16     ; 0               ; 0             ; 0               ; 0     ; 0              ; 0            ; 0                ; 0                 ;
; u0|jtag_uart|the_nios_system_JTAG_UART_scfifo_r                                                                                                                                          ; 13    ; 0              ; 1            ; 0              ; 16     ; 0               ; 0             ; 0               ; 0     ; 0              ; 0            ; 0                ; 0                 ;
; u0|jtag_uart|the_nios_system_JTAG_UART_scfifo_w|wfifo|auto_generated|dpfifo|wr_ptr                                                                                                       ; 4     ; 0              ; 0            ; 0              ; 6      ; 0               ; 0             ; 0               ; 0     ; 0              ; 0            ; 0                ; 0                 ;
; u0|jtag_uart|the_nios_system_JTAG_UART_scfifo_w|wfifo|auto_generated|dpfifo|rd_ptr_count                                                                                                 ; 4     ; 0              ; 0            ; 0              ; 6      ; 0               ; 0             ; 0               ; 0     ; 0              ; 0            ; 0                ; 0                 ;
; u0|jtag_uart|the_nios_system_JTAG_UART_scfifo_w|wfifo|auto_generated|dpfifo|FIFOram|altsyncram2                                                                                          ; 24    ; 0              ; 0            ; 0              ; 8      ; 0               ; 0             ; 0               ; 0     ; 0              ; 0            ; 0                ; 0                 ;
; u0|jtag_uart|the_nios_system_JTAG_UART_scfifo_w|wfifo|auto_generated|dpfifo|FIFOram                                                                                                      ; 24    ; 0              ; 0            ; 0              ; 8      ; 0               ; 0             ; 0               ; 0     ; 0              ; 0            ; 0                ; 0                 ;
; u0|jtag_uart|the_nios_system_JTAG_UART_scfifo_w|wfifo|auto_generated|dpfifo|fifo_state|count_usedw                                                                                       ; 5     ; 0              ; 0            ; 0              ; 6      ; 0               ; 0             ; 0               ; 0     ; 0              ; 0            ; 0                ; 0                 ;
; u0|jtag_uart|the_nios_system_JTAG_UART_scfifo_w|wfifo|auto_generated|dpfifo|fifo_state                                                                                                   ; 5     ; 0              ; 0            ; 0              ; 8      ; 0               ; 0             ; 0               ; 0     ; 0              ; 0            ; 0                ; 0                 ;
; u0|jtag_uart|the_nios_system_JTAG_UART_scfifo_w|wfifo|auto_generated|dpfifo                                                                                                              ; 13    ; 0              ; 0            ; 0              ; 16     ; 0               ; 0             ; 0               ; 0     ; 0              ; 0            ; 0                ; 0                 ;
; u0|jtag_uart|the_nios_system_JTAG_UART_scfifo_w|wfifo|auto_generated                                                                                                                     ; 12    ; 0              ; 0            ; 0              ; 16     ; 0               ; 0             ; 0               ; 0     ; 0              ; 0            ; 0                ; 0                 ;
; u0|jtag_uart|the_nios_system_JTAG_UART_scfifo_w                                                                                                                                          ; 12    ; 0              ; 0            ; 0              ; 16     ; 0               ; 0             ; 0               ; 0     ; 0              ; 0            ; 0                ; 0                 ;
; u0|jtag_uart                                                                                                                                                                             ; 38    ; 10             ; 23           ; 10             ; 34     ; 10              ; 10            ; 10              ; 0     ; 0              ; 0            ; 0                ; 0                 ;
; u0                                                                                                                                                                                       ; 17    ; 28             ; 0            ; 28             ; 107    ; 28              ; 28            ; 28              ; 96    ; 0              ; 0            ; 0                ; 0                 ;
+------------------------------------------------------------------------------------------------------------------------------------------------------------------------------------------+-------+----------------+--------------+----------------+--------+-----------------+---------------+-----------------+-------+----------------+--------------+------------------+-------------------+
